 Episode      Step   Epsilon     MeanReward     MeanLength       MeanLoss     MeanQValue      TimeDelta                Time
       0       117     1.000        608.000        117.000          0.000          0.000          0.687 2026-05-28T19:58:25
      20      3531     0.998        612.524        168.143          0.000          0.000         20.990 2026-05-28T19:58:46
      40      6202     0.997        556.317        151.268          0.000          0.000         15.597 2026-05-28T19:59:02
      60      8978     0.996        570.148        147.180          0.000          0.000         16.324 2026-05-28T19:59:18
      80     12254     0.994        571.346        151.284          0.215          0.816         28.027 2026-05-28T19:59:46
     100     17261     0.991        587.820        171.440          0.276          1.388         42.738 2026-05-28T20:00:29
     120     22381     0.989        597.800        188.500          0.373          2.287         42.902 2026-05-28T20:01:12
     140     27074     0.987        641.320        208.720          0.467          3.528         38.930 2026-05-28T20:01:51
     160     32204     0.984        664.880        232.260          0.568          5.053         43.264 2026-05-28T20:02:34
     180     38277     0.981        705.310        260.230          0.491          6.119         51.412 2026-05-28T20:03:25
     200     42884     0.979        725.600        256.230          0.510          7.473         40.403 2026-05-28T20:04:06
     220     47476     0.977        728.920        250.950          0.537          8.787         38.606 2026-05-28T20:04:44
     240     50519     0.975        690.500        234.450          0.567          9.818         25.184 2026-05-28T20:05:10
     260     55924     0.972        700.030        237.200          0.593         10.883         47.062 2026-05-28T20:05:57
     280     60342     0.970        670.700        220.650          0.640         11.798         38.114 2026-05-28T20:06:35
     300     64860     0.968        646.250        219.760          0.647         12.603         37.995 2026-05-28T20:07:13
     320     68565     0.966        641.410        210.890          0.653         13.378         31.352 2026-05-28T20:07:44
     340     74158     0.964        677.190        236.390          0.666         14.244         48.016 2026-05-28T20:08:32
     360     77054     0.962        636.210        211.300          0.671         14.850         24.627 2026-05-28T20:08:57
     380     80989     0.960        651.220        206.470          0.686         15.560         33.795 2026-05-28T20:09:31
     400     87751     0.957        676.630        228.910          0.715         16.141         58.636 2026-05-28T20:10:29
     420     91674     0.955        697.650        231.090          0.754         16.667         33.260 2026-05-28T20:11:02
     440     95417     0.953        681.090        212.590          0.781         17.222         32.786 2026-05-28T20:11:35
     460     99656     0.951        706.640        226.020          0.807         17.718         38.129 2026-05-28T20:12:13
     480    104547     0.949        704.290        235.580          0.827         18.270         44.500 2026-05-28T20:12:58
     500    107924     0.947        670.540        201.730          0.838         18.736         29.847 2026-05-28T20:13:28
     520    112237     0.945        646.040        205.630          0.847         19.232         37.926 2026-05-28T20:14:06
     540    115755     0.944        640.140        203.380          0.853         19.580         31.557 2026-05-28T20:14:37
     560    120532     0.942        624.640        208.760          0.871         20.004         42.562 2026-05-28T20:15:20
     580    123702     0.940        594.350        191.550          0.864         20.308         28.246 2026-05-28T20:15:48
     600    127489     0.938        596.010        195.650          0.870         20.574         34.024 2026-05-28T20:16:22
     620    131782     0.936        593.700        195.450          0.879         20.901         38.294 2026-05-28T20:17:00
     640    134301     0.935        574.410        185.460          0.895         21.287         23.955 2026-05-28T20:17:24
     660    138017     0.933        569.640        174.850          0.900         21.700         35.351 2026-05-28T20:18:00
     680    142863     0.931        607.360        191.610          0.926         22.069         45.142 2026-05-28T20:18:45
     700    145561     0.930        587.050        180.720          0.937         22.599         24.820 2026-05-28T20:19:10
     720    148706     0.928        579.510        169.240          0.936         22.962         28.134 2026-05-28T20:19:38
     740    152905     0.926        624.390        186.040          0.961         23.352         36.943 2026-05-28T20:20:15
     760    157227     0.924        646.590        192.100          0.974         23.689         37.203 2026-05-28T20:20:52
     780    162116     0.922        651.970        192.530          0.977         24.017         42.588 2026-05-28T20:21:34
     800    164549     0.921        655.290        189.880          0.984         24.384         21.688 2026-05-28T20:21:56
     820    170799     0.918        693.030        220.930          0.986         24.704         55.996 2026-05-28T20:22:52
     840    175457     0.916        678.810        225.520          0.971         24.918         41.428 2026-05-28T20:23:34
     860    180925     0.914        677.200        236.980          0.963         24.989         49.846 2026-05-28T20:24:23
     880    185349     0.911        652.240        232.330          0.957         25.054         38.272 2026-05-28T20:25:02
     900    189057     0.910        667.190        245.080          0.956         25.039         31.643 2026-05-28T20:25:33
     920    194032     0.908        658.310        232.330          0.960         25.112         42.130 2026-05-28T20:26:15
     940    197677     0.906        674.550        222.200          0.951         25.224         30.376 2026-05-28T20:26:46
     960    202490     0.904        676.160        215.650          0.960         25.382         40.322 2026-05-28T20:27:26
     980    207158     0.902        687.970        218.090          0.970         25.623         39.323 2026-05-28T20:28:05
    1000    210737     0.900        684.360        216.800          0.974         25.765         29.708 2026-05-28T20:28:35
    1020    214484     0.898        645.640        204.520          0.988         25.869         31.353 2026-05-28T20:29:07
    1040    216919     0.897        594.550        192.420          0.986         26.007         21.003 2026-05-28T20:29:28
    1060    220922     0.895        579.290        184.320          0.996         26.245         35.216 2026-05-28T20:30:03
    1080    225481     0.893        579.880        183.230          1.001         26.261         40.281 2026-05-28T20:30:43
    1100    230058     0.891        618.190        193.210          0.994         26.377         39.665 2026-05-28T20:31:23
    1120    234364     0.889        656.090        198.800          0.994         26.540         37.673 2026-05-28T20:32:00
    1140    238880     0.887        697.480        219.610          1.004         26.691         39.737 2026-05-28T20:32:40
    1160    242071     0.886        682.630        211.490          1.002         26.730         28.040 2026-05-28T20:33:08
    1180    245729     0.884        682.420        202.480          0.998         26.860         32.369 2026-05-28T20:33:41
    1200    249716     0.883        665.180        196.580          1.014         26.881         35.408 2026-05-28T20:34:16
    1220    253345     0.881        647.490        189.810          1.017         26.993         31.451 2026-05-28T20:34:47
    1240    257568     0.879        641.980        186.880          1.011         26.986         37.333 2026-05-28T20:35:25
    1260    261264     0.878        667.690        191.930          1.008         27.056         33.869 2026-05-28T20:35:59
    1280    265288     0.876        662.160        195.590          0.985         27.158         35.425 2026-05-28T20:36:34
    1300    269433     0.874        649.400        197.170          0.961         27.209         37.965 2026-05-28T20:37:12
    1320    274726     0.872        680.720        213.810          0.946         27.299         51.468 2026-05-28T20:38:03
    1340    278275     0.870        685.370        207.070          0.952         27.468         34.992 2026-05-28T20:38:38
    1360    282658     0.868        697.220        213.940          0.956         27.636         41.152 2026-05-28T20:39:20
    1380    285829     0.867        687.190        205.410          0.977         27.990         29.852 2026-05-28T20:39:49
    1400    289776     0.865        703.060        203.430          0.991         28.379         38.315 2026-05-28T20:40:28
    1420    293806     0.863        668.260        190.800          1.012         28.662         37.090 2026-05-28T20:41:05
    1440    298251     0.861        668.510        199.760          1.003         28.850         41.614 2026-05-28T20:41:46
    1460    303046     0.859        674.110        203.880          1.011         29.042         60.731 2026-05-28T20:42:47
    1480    306689     0.858        672.280        208.600          0.991         29.035         55.029 2026-05-28T20:43:42
    1500    311140     0.856        670.700        213.640          1.003         29.048         70.568 2026-05-28T20:44:53
    1520    315114     0.854        667.500        213.080          1.001         29.174         64.873 2026-05-28T20:45:58
    1540    318526     0.853        653.690        202.750          1.032         29.188         53.621 2026-05-28T20:46:51
    1560    322562     0.851        649.760        195.160          1.032         29.237         62.819 2026-05-28T20:47:54
    1580    326492     0.849        654.230        198.030          1.055         29.381         59.839 2026-05-28T20:48:54
    1600    331405     0.847        679.360        202.650          1.058         29.526         65.986 2026-05-28T20:50:00
    1620    333741     0.846        664.680        186.270          1.048         29.579         22.112 2026-05-28T20:50:22
    1640    338334     0.844        693.270        198.080          1.033         29.815         43.387 2026-05-28T20:51:05
    1660    342703     0.843        686.920        201.410          1.043         30.023         40.758 2026-05-28T20:51:46
    1680    346401     0.841        682.330        199.090          1.050         30.069         34.605 2026-05-28T20:52:21
    1700    351062     0.839        651.440        196.570          1.050         30.105         43.704 2026-05-28T20:53:05
    1720    354253     0.838        654.680        205.120          1.075         30.193         29.277 2026-05-28T20:53:34
    1740    358790     0.836        654.040        204.560          1.085         30.224         42.011 2026-05-28T20:54:16
    1760    361930     0.834        634.570        192.270          1.116         30.280         28.458 2026-05-28T20:54:44
    1780    365371     0.833        631.930        189.700          1.144         30.526         30.777 2026-05-28T20:55:15
    1800    369665     0.831        633.710        186.030          1.159         30.682         38.501 2026-05-28T20:55:54
    1820    373914     0.829        653.230        196.610          1.180         30.748         37.864 2026-05-28T20:56:31
    1840    378223     0.828        642.610        194.330          1.182         30.812         38.796 2026-05-28T20:57:10
    1860    382486     0.826        653.530        205.560          1.175         30.873         39.338 2026-05-28T20:57:50
    1880    385498     0.825        636.580        201.270          1.164         30.814         27.625 2026-05-28T20:58:17
    1900    392100     0.822        658.010        224.350          1.175         30.778         60.473 2026-05-28T20:59:18
    1920    394517     0.821        629.320        206.030          1.178         30.753         22.612 2026-05-28T20:59:40
    1940    397987     0.820        622.790        197.640          1.202         30.709         32.159 2026-05-28T21:00:12
    1960    401250     0.818        618.230        187.640          1.227         30.554         29.985 2026-05-28T21:00:42
    1980    404884     0.817        647.350        193.860          1.246         30.479         32.613 2026-05-28T21:01:15
    2000    409208     0.815        637.380        171.080          1.249         30.495         38.709 2026-05-28T21:01:54
    2020    413705     0.813        667.780        191.880          1.250         30.563         40.341 2026-05-28T21:02:34
    2040    417666     0.812        681.530        196.790          1.241         30.716         35.752 2026-05-28T21:03:10
    2060    421498     0.810        672.970        202.480          1.233         30.890         34.724 2026-05-28T21:03:45
    2080    426022     0.808        711.290        211.380          1.238         31.076         40.320 2026-05-28T21:04:25
    2100    429351     0.807        694.740        201.430          1.247         31.208         29.882 2026-05-28T21:04:55
    2120    435205     0.804        751.120        215.000          1.258         31.311         52.698 2026-05-28T21:05:47
    2140    438713     0.803        741.560        210.470          1.277         31.338         32.025 2026-05-28T21:06:19
    2160    442383     0.802        770.170        208.850          1.285         31.433         32.703 2026-05-28T21:06:52
    2180    446739     0.800        738.830        207.170          1.307         31.561         37.964 2026-05-28T21:07:30
    2200    450902     0.798        770.910        215.510          1.326         31.701         37.447 2026-05-28T21:08:08
    2220    454941     0.797        730.740        197.360          1.327         31.800         35.692 2026-05-28T21:08:43
    2240    458176     0.795        722.280        194.630          1.340         32.036         29.026 2026-05-28T21:09:12
    2260    461423     0.794        693.440        190.400          1.329         32.229         29.215 2026-05-28T21:09:41
    2280    464220     0.793        677.690        174.810          1.300         32.359         25.140 2026-05-28T21:10:07
    2300    466949     0.792        632.310        160.470          1.307         32.539         24.630 2026-05-28T21:10:31
    2320    469744     0.791        610.840        148.030          1.311         32.765         24.753 2026-05-28T21:10:56
    2340    473096     0.789        607.070        149.200          1.331         32.962         29.815 2026-05-28T21:11:26
    2360    475641     0.788        593.620        142.180          1.322         33.259         23.102 2026-05-28T21:11:49
    2380    479175     0.787        601.130        149.550          1.321         33.535         33.489 2026-05-28T21:12:22
    2400    481921     0.786        601.590        149.720          1.320         33.807         25.814 2026-05-28T21:12:48
    2420    485174     0.785        590.280        154.300          1.282         34.124         28.813 2026-05-28T21:13:17
    2440    488833     0.783        589.490        157.370          1.244         34.431         33.088 2026-05-28T21:13:50
    2460    493139     0.781        628.030        174.980          1.264         34.638         38.922 2026-05-28T21:14:29
    2480    496661     0.780        637.170        174.860          1.257         34.821         32.441 2026-05-28T21:15:02
    2500    499575     0.779        639.220        176.540          1.230         35.063         27.151 2026-05-28T21:15:29
    2520    503001     0.778        659.290        178.270          1.260         35.110         32.418 2026-05-28T21:16:01
    2540    507230     0.776        669.530        183.970          1.265         35.142         39.075 2026-05-28T21:16:40
    2560    510380     0.775        624.460        172.410          1.240         35.089         28.457 2026-05-28T21:17:09
    2580    514170     0.773        624.330        175.090          1.258         35.064         35.949 2026-05-28T21:17:45
    2600    517672     0.772        635.350        180.970          1.251         34.873         33.123 2026-05-28T21:18:18
    2620    521543     0.770        620.280        185.420          1.240         34.918         35.325 2026-05-28T21:18:53
    2640    525373     0.769        622.130        181.430          1.232         34.862         35.039 2026-05-28T21:19:28
    2660    528336     0.768        641.090        179.560          1.214         34.858         26.761 2026-05-28T21:19:55
    2680    531411     0.767        619.090        172.410          1.204         34.908         27.376 2026-05-28T21:20:22
    2700    534812     0.765        612.220        171.400          1.230         35.133         31.373 2026-05-28T21:20:54
    2720    539679     0.764        636.450        181.360          1.221         35.092         45.047 2026-05-28T21:21:39
    2740    542807     0.762        623.110        174.340          1.239         35.119         28.590 2026-05-28T21:22:07
    2760    546975     0.761        623.270        186.390          1.267         35.147         38.734 2026-05-28T21:22:46
    2780    553538     0.758        669.090        221.270          1.269         35.052         60.888 2026-05-28T21:23:47
    2800    559011     0.756        696.470        241.990          1.248         34.718         50.701 2026-05-28T21:24:38
    2820    562064     0.755        676.870        223.850          1.264         34.437         26.741 2026-05-28T21:25:04
    2840    565392     0.754        689.840        225.850          1.260         34.146         30.076 2026-05-28T21:25:34
    2860    569383     0.752        697.950        224.080          1.256         33.840         35.785 2026-05-28T21:26:10
    2880    571736     0.751        637.570        181.980          1.264         33.513         20.868 2026-05-28T21:26:31
    2900    576256     0.750        649.990        172.450          1.251         33.259         41.232 2026-05-28T21:27:12
    2920    579848     0.748        659.530        177.840          1.234         33.150         32.999 2026-05-28T21:27:45
    2940    583608     0.747        664.650        182.160          1.226         33.018         35.169 2026-05-28T21:28:20
    2960    587367     0.746        669.450        179.840          1.205         32.976         34.561 2026-05-28T21:28:55
    2980    591103     0.744        695.660        193.670          1.197         32.915         34.555 2026-05-28T21:29:29
    3000    594183     0.743        654.500        179.270          1.198         33.078         29.596 2026-05-28T21:29:59
    3020    597427     0.742        644.830        175.790          1.183         33.089         29.768 2026-05-28T21:30:29
    3040    600239     0.741        620.470        166.310          1.184         33.190         25.527 2026-05-28T21:30:54
    3060    603557     0.740        631.180        161.900          1.204         33.268         30.493 2026-05-28T21:31:25
    3080    607268     0.738        656.570        161.650          1.193         33.449         33.922 2026-05-28T21:31:59
    3100    610572     0.737        670.790        163.890          1.207         33.559         30.133 2026-05-28T21:32:29
    3120    613718     0.736        678.520        162.910          1.243         33.724         29.259 2026-05-28T21:32:58
    3140    617420     0.734        706.790        171.810          1.246         33.899         34.208 2026-05-28T21:33:32
    3160    621555     0.733        721.930        179.980          1.265         34.133         38.507 2026-05-28T21:34:11
    3180    626007     0.731        750.630        187.390          1.282         34.395         40.469 2026-05-28T21:34:51
    3200    629862     0.730        784.320        192.900          1.280         34.584         36.335 2026-05-28T21:35:28
    3220    634099     0.728        783.050        203.810          1.291         34.952         39.292 2026-05-28T21:36:07
    3240    637773     0.727        761.640        203.530          1.289         35.170         34.540 2026-05-28T21:36:42
    3260    640447     0.726        715.170        188.920          1.296         35.377         24.108 2026-05-28T21:37:06
    3280    643290     0.725        652.180        172.830          1.332         35.606         26.646 2026-05-28T21:37:32
    3300    647622     0.723        633.910        177.600          1.357         35.805         40.874 2026-05-28T21:38:13
    3320    651318     0.722        628.920        172.190          1.371         35.918         35.348 2026-05-28T21:38:49
    3340    654974     0.721        655.460        172.010          1.421         36.185         35.143 2026-05-28T21:39:24
    3360    657940     0.720        672.170        174.930          1.407         36.431         27.802 2026-05-28T21:39:51
    3380    661555     0.718        709.100        182.650          1.405         36.797         33.400 2026-05-28T21:40:25
    3400    665225     0.717        700.550        176.030          1.392         37.050         36.552 2026-05-28T21:41:01
    3420    669013     0.716        706.590        176.950          1.365         37.244         36.869 2026-05-28T21:41:38
    3440    672325     0.715        690.180        173.510          1.338         37.541         31.127 2026-05-28T21:42:09
    3460    675631     0.713        689.040        176.910          1.346         37.739         30.888 2026-05-28T21:42:40
    3480    680338     0.712        704.190        187.830          1.309         37.774         42.061 2026-05-28T21:43:22
    3500    686383     0.710        758.460        211.580          1.308         37.856         55.566 2026-05-28T21:44:18
    3520    689566     0.708        754.570        205.530          1.294         37.900         29.421 2026-05-28T21:44:47
    3540    695013     0.706        806.870        226.880          1.282         37.739         50.920 2026-05-28T21:45:38
    3560    698378     0.705        816.180        227.470          1.291         37.685         31.882 2026-05-28T21:46:10
    3580    701544     0.704        770.990        212.060          1.294         37.573         29.444 2026-05-28T21:46:40
    3600    707527     0.702        753.020        211.440          1.295         37.518         56.666 2026-05-28T21:47:36
    3620    710883     0.701        763.420        213.170          1.308         37.494         32.187 2026-05-28T21:48:08
    3640    714076     0.700        709.160        190.630          1.287         37.434         30.454 2026-05-28T21:48:39
    3660    717562     0.699        712.290        191.840          1.264         37.359         31.984 2026-05-28T21:49:11
    3680    721189     0.697        724.070        196.450          1.264         37.328         33.207 2026-05-28T21:49:44
    3700    724311     0.696        680.080        167.840          1.262         37.208         28.952 2026-05-28T21:50:13
    3720    727438     0.695        685.330        165.550          1.260         37.202         28.545 2026-05-28T21:50:42
    3740    731170     0.694        713.740        170.940          1.269         37.256         34.911 2026-05-28T21:51:17
    3760    734424     0.693        702.400        168.620          1.260         37.429         31.047 2026-05-28T21:51:48
    3780    739089     0.691        722.470        179.000          1.237         37.580         44.270 2026-05-28T21:52:32
    3800    742627     0.690        720.380        183.160          1.232         37.780         33.125 2026-05-28T21:53:05
    3820    746402     0.689        722.440        189.640          1.224         37.826         36.537 2026-05-28T21:53:41
    3840    750096     0.687        692.540        189.260          1.214         38.028         35.135 2026-05-28T21:54:17
    3860    753387     0.686        707.060        189.630          1.210         38.093         31.192 2026-05-28T21:54:48
    3880    757197     0.685        695.800        181.080          1.227         38.140         34.446 2026-05-28T21:55:22
    3900    760749     0.684        697.340        181.220          1.227         38.209         32.565 2026-05-28T21:55:55
    3920    763151     0.683        672.660        167.490          1.229         38.345         22.058 2026-05-28T21:56:17
    3940    768716     0.681        728.890        186.200          1.229         38.383         50.218 2026-05-28T21:57:07
    3960    772499     0.680        736.730        191.120          1.262         38.364         35.624 2026-05-28T21:57:43
    3980    775337     0.679        726.090        181.400          1.264         38.348         26.724 2026-05-28T21:58:09
    4000    778217     0.678        709.030        174.680          1.236         38.392         26.439 2026-05-28T21:58:36
    4020    781567     0.677        718.600        184.160          1.238         38.463         31.532 2026-05-28T21:59:07
    4040    786255     0.675        697.590        175.390          1.239         38.461         44.357 2026-05-28T21:59:52
    4060    790477     0.674        685.590        179.780          1.198         38.537         40.181 2026-05-28T22:00:32
    4080    794205     0.672        666.830        188.680          1.190         38.600         33.813 2026-05-28T22:01:06
    4100    798218     0.671        694.410        200.010          1.203         38.531         37.158 2026-05-28T22:01:43
    4120    801532     0.670        716.950        199.650          1.198         38.481         29.891 2026-05-28T22:02:13
    4140    804527     0.669        664.070        182.720          1.218         38.437         27.088 2026-05-28T22:02:40
    4160    809630     0.667        691.020        191.530          1.230         38.379         46.777 2026-05-28T22:03:27
    4180    813882     0.666        733.620        196.770          1.227         38.290         40.330 2026-05-28T22:04:07
    4200    817461     0.664        742.710        192.430          1.231         38.406         34.868 2026-05-28T22:04:42
    4220    820523     0.663        715.320        189.910          1.242         38.328         27.906 2026-05-28T22:05:10
    4240    824266     0.662        750.770        197.390          1.222         38.310         35.045 2026-05-28T22:05:45
    4260    828850     0.661        756.520        192.200          1.202         38.276         42.433 2026-05-28T22:06:27
    4280    831527     0.660        707.920        176.450          1.225         38.158         24.772 2026-05-28T22:06:52
    4300    835862     0.658        706.680        184.010          1.222         37.970         38.753 2026-05-28T22:07:31
    4320    839056     0.657        711.910        185.330          1.198         37.899         29.229 2026-05-28T22:08:00
    4340    842117     0.656        698.660        178.510          1.187         37.883         27.844 2026-05-28T22:08:28
    4360    845501     0.655        661.880        166.510          1.205         37.707         30.631 2026-05-28T22:08:58
    4380    849130     0.654        687.680        176.030          1.181         37.728         34.320 2026-05-28T22:09:33
    4400    852643     0.653        685.040        167.810          1.195         37.804         33.318 2026-05-28T22:10:06
    4420    855293     0.652        667.840        162.370          1.202         37.897         25.111 2026-05-28T22:10:31
    4440    858237     0.651        667.630        161.200          1.205         37.850         27.354 2026-05-28T22:10:59
    4460    861587     0.650        660.660        160.860          1.216         38.116         31.032 2026-05-28T22:11:30
    4480    866298     0.648        700.490        171.680          1.221         38.214         44.627 2026-05-28T22:12:14
    4500    870403     0.647        673.000        177.600          1.226         38.276         38.367 2026-05-28T22:12:53
    4520    875012     0.646        705.350        197.190          1.253         38.308         42.461 2026-05-28T22:13:35
    4540    878686     0.644        728.380        204.490          1.275         38.309         33.741 2026-05-28T22:14:09
    4560    881989     0.643        745.230        204.020          1.295         38.105         30.572 2026-05-28T22:14:39
    4580    885066     0.642        713.060        187.680          1.328         38.068         28.280 2026-05-28T22:15:08
    4600    888363     0.641        727.790        179.600          1.343         38.068         30.636 2026-05-28T22:15:38
    4620    891476     0.640        710.980        164.640          1.355         38.159         27.826 2026-05-28T22:16:06
    4640    895767     0.639        715.800        170.810          1.362         38.311         37.898 2026-05-28T22:16:44
    4660    898752     0.638        691.710        167.630          1.347         38.594         27.036 2026-05-28T22:17:11
    4680    901954     0.637        688.490        168.880          1.361         38.801         31.613 2026-05-28T22:17:43
    4700    905916     0.636        726.470        175.530          1.354         38.890         37.863 2026-05-28T22:18:21
    4720    908832     0.635        730.630        173.560          1.334         38.944         27.486 2026-05-28T22:18:48
    4740    911813     0.634        696.410        160.460          1.346         39.176         25.876 2026-05-28T22:19:14
    4760    914666     0.633        709.330        159.140          1.351         39.353         25.610 2026-05-28T22:19:40
    4780    918551     0.632        712.630        165.970          1.336         39.501         34.003 2026-05-28T22:20:14
    4800    922295     0.631        682.710        163.790          1.351         39.703         33.923 2026-05-28T22:20:47
    4820    925375     0.630        691.140        165.430          1.377         39.862         26.594 2026-05-28T22:21:14
    4840    928557     0.629        705.660        167.440          1.379         39.892         28.636 2026-05-28T22:21:43
    4860    930746     0.628        676.740        160.800          1.408         40.015         19.284 2026-05-28T22:22:02
    4880    933923     0.627        677.090        153.720          1.434         40.209         28.518 2026-05-28T22:22:30
    4900    936907     0.626        659.600        146.120          1.444         40.476         26.144 2026-05-28T22:22:57
    4920    940700     0.625        658.020        153.250          1.449         40.691         33.563 2026-05-28T22:23:30
    4940    942915     0.624        620.030        143.580          1.486         40.919         20.981 2026-05-28T22:23:51
    4960    946782     0.623        641.820        160.360          1.500         41.036         35.372 2026-05-28T22:24:27
    4980    950311     0.622        642.430        163.880          1.502         41.024         31.583 2026-05-28T22:24:58
    5000    953893     0.621        662.830        169.860          1.523         40.971         32.007 2026-05-28T22:25:30
    5020    957209     0.620        669.330        165.090          1.538         40.988         30.374 2026-05-28T22:26:00
    5040    960170     0.619        690.530        172.550          1.516         40.837         26.712 2026-05-28T22:26:27
    5060    964244     0.617        707.400        174.620          1.503         40.789         36.468 2026-05-28T22:27:04
    5080    967878     0.616        712.930        175.670          1.483         40.764         32.880 2026-05-28T22:27:37
    5100    971365     0.615        729.600        174.720          1.458         40.764         36.822 2026-05-28T22:28:13
    5120    973995     0.614        707.940        167.860          1.444         40.892         27.990 2026-05-28T22:28:41
    5140    976109     0.614        681.740        159.390          1.439         41.154         22.333 2026-05-28T22:29:04
    5160    978242     0.613        639.540        139.980          1.413         41.335         22.812 2026-05-28T22:29:27
    5180    981911     0.612        636.880        140.330          1.409         41.576         39.601 2026-05-28T22:30:06
    5200    986190     0.611        623.830        148.250          1.378         41.706         46.584 2026-05-28T22:30:53
    5220    989343     0.610        642.300        153.480          1.367         41.642         32.970 2026-05-28T22:31:26
    5240    994378     0.608        729.390        182.690          1.366         41.679         52.995 2026-05-28T22:32:19
    5260    997846     0.607        765.280        196.040          1.375         41.665         36.668 2026-05-28T22:32:55
    5280   1000302     0.606        733.560        183.910          1.370         41.651         25.276 2026-05-28T22:33:21
    5300   1003216     0.606        707.430        170.260          1.419         41.712         31.209 2026-05-28T22:33:52
    5320   1005832     0.605        684.620        164.890          1.410         41.865         27.233 2026-05-28T22:34:19
    5340   1008555     0.604        621.780        141.770          1.388         41.850         29.109 2026-05-28T22:34:48
    5360   1011867     0.603        640.520        140.210          1.394         41.946         34.354 2026-05-28T22:35:23
    5380   1014997     0.602        662.730        146.950          1.389         41.980         33.092 2026-05-28T22:35:56
    5400   1019563     0.601        661.530        163.470          1.353         41.931         48.628 2026-05-28T22:36:44
    5420   1022271     0.600        668.130        164.390          1.383         41.777         27.631 2026-05-28T22:37:12
    5440   1025065     0.599        680.700        165.100          1.385         41.772         30.255 2026-05-28T22:37:42
    5460   1028634     0.598        656.980        167.670          1.368         41.658         37.215 2026-05-28T22:38:19
    5480   1031300     0.597        641.130        163.030          1.383         41.638         27.792 2026-05-28T22:38:47
    5500   1034678     0.596        669.790        151.150          1.401         41.579         35.575 2026-05-28T22:39:23
    5520   1037544     0.595        687.200        152.730          1.371         41.656         30.792 2026-05-28T22:39:53
    5540   1040159     0.594        674.030        150.940          1.368         41.657         27.416 2026-05-28T22:40:21
    5560   1042348     0.594        648.010        137.140          1.415         41.671         23.124 2026-05-28T22:40:44
    5580   1046140     0.593        691.740        148.400          1.411         41.757         40.266 2026-05-28T22:41:24
    5600   1049263     0.592        682.240        145.850          1.406         41.956         29.423 2026-05-28T22:41:54
    5620   1052903     0.591        698.410        153.590          1.437         42.030         33.393 2026-05-28T22:42:27
    5640   1055844     0.590        705.180        156.850          1.434         42.118         27.028 2026-05-28T22:42:54
    5660   1058084     0.589        707.580        157.360          1.397         42.271         19.472 2026-05-28T22:43:14
    5680   1061665     0.588        692.740        155.250          1.401         42.359         32.739 2026-05-28T22:43:46
    5700   1064572     0.587        677.290        153.090          1.392         42.386         26.697 2026-05-28T22:44:13
    5720   1067491     0.586        644.210        145.880          1.368         42.523         26.684 2026-05-28T22:44:40
    5740   1071168     0.585        671.880        153.240          1.398         42.600         32.325 2026-05-28T22:45:12
    5760   1075860     0.584        737.780        177.760          1.412         42.538         42.687 2026-05-28T22:45:55
    5780   1078738     0.583        710.320        170.730          1.410         42.402         25.586 2026-05-28T22:46:20
    5800   1081333     0.582        715.650        167.610          1.433         42.350         23.783 2026-05-28T22:46:44
    5820   1084004     0.582        718.220        165.130          1.464         42.263         23.493 2026-05-28T22:47:08
    5840   1087327     0.581        714.980        161.590          1.454         42.337         30.158 2026-05-28T22:47:38
    5860   1091603     0.579        721.590        157.430          1.465         42.435         38.181 2026-05-28T22:48:16
    5880   1095037     0.578        751.080        162.990          1.492         42.651         34.572 2026-05-28T22:48:51
    5900   1098265     0.577        773.230        169.320          1.513         42.811         29.758 2026-05-28T22:49:20
    5920   1101593     0.576        794.190        175.890          1.501         42.934         30.289 2026-05-28T22:49:51
    5940   1105716     0.575        794.040        183.890          1.502         42.852         37.018 2026-05-28T22:50:28
    5960   1108670     0.574        743.790        170.670          1.494         42.837         26.545 2026-05-28T22:50:54
    5980   1112331     0.573        738.790        172.940          1.482         42.712         31.822 2026-05-28T22:51:26
    6000   1114620     0.573        695.030        163.550          1.495         42.579         20.746 2026-05-28T22:51:47
    6020   1117150     0.572        664.030        155.570          1.498         42.507         22.593 2026-05-28T22:52:09
    6040   1119742     0.571        639.300        140.260          1.507         42.547         23.755 2026-05-28T22:52:33
    6060   1122611     0.570        641.600        139.410          1.536         42.692         25.223 2026-05-28T22:52:58
    6080   1125638     0.570        624.350        133.070          1.550         42.780         26.607 2026-05-28T22:53:25
    6100   1129461     0.569        688.460        148.410          1.520         43.001         41.903 2026-05-28T22:54:07
    6120   1132900     0.568        744.880        157.500          1.536         43.133         37.031 2026-05-28T22:54:44
    6140   1136283     0.567        759.880        165.410          1.552         43.249         35.559 2026-05-28T22:55:19
    6160   1139909     0.566        780.300        172.980          1.550         43.262         38.796 2026-05-28T22:55:58
    6180   1142344     0.565        770.680        167.060          1.550         43.360         25.638 2026-05-28T22:56:24
    6200   1145388     0.564        742.170        159.270          1.550         43.342         32.271 2026-05-28T22:56:56
    6220   1148171     0.563        703.150        152.710          1.543         43.415         29.669 2026-05-28T22:57:26
    6240   1151287     0.562        705.820        150.040          1.535         43.435         33.346 2026-05-28T22:57:59
    6260   1154295     0.561        683.110        143.860          1.520         43.431         31.974 2026-05-28T22:58:31
    6280   1157838     0.561        716.440        154.940          1.503         43.351         37.922 2026-05-28T22:59:09
    6300   1160853     0.560        704.180        154.650          1.515         43.409         33.659 2026-05-28T22:59:43
    6320   1164165     0.559        714.540        159.940          1.498         43.392         35.625 2026-05-28T23:00:18
    6340   1167068     0.558        707.500        157.810          1.500         43.258         32.372 2026-05-28T23:00:51
    6360   1171027     0.557        742.350        167.320          1.510         43.283         42.249 2026-05-28T23:01:33
    6380   1173916     0.556        719.970        160.780          1.514         43.409         31.309 2026-05-28T23:02:04
    6400   1176845     0.555        716.060        159.920          1.497         43.385         31.457 2026-05-28T23:02:36
    6420   1179982     0.554        705.510        158.170          1.487         43.434         33.110 2026-05-28T23:03:09
    6440   1182661     0.554        691.210        155.930          1.474         43.645         26.087 2026-05-28T23:03:35
    6460   1185556     0.553        660.520        145.290          1.447         43.722         26.844 2026-05-28T23:04:02
    6480   1188281     0.552        657.990        143.650          1.436         43.708         25.176 2026-05-28T23:04:27
    6500   1191756     0.551        689.310        149.110          1.442         43.814         37.136 2026-05-28T23:05:04
    6520   1195188     0.550        706.200        152.060          1.469         43.841         36.533 2026-05-28T23:05:41
    6540   1198074     0.549        722.810        154.130          1.483         43.886         30.546 2026-05-28T23:06:11
    6560   1201337     0.548        754.660        157.810          1.497         43.872         34.699 2026-05-28T23:06:46
    6580   1204197     0.548        768.020        159.160          1.507         44.083         29.684 2026-05-28T23:07:15
    6600   1207372     0.547        760.110        156.160          1.511         44.246         34.716 2026-05-28T23:07:50
    6620   1210446     0.546        749.640        152.580          1.502         44.468         32.383 2026-05-28T23:08:23
    6640   1213601     0.545        762.980        155.270          1.509         44.737         33.688 2026-05-28T23:08:56
    6660   1216637     0.544        746.290        153.000          1.519         45.102         32.477 2026-05-28T23:09:29
    6680   1220027     0.543        762.520        158.300          1.526         45.278         35.828 2026-05-28T23:10:05
    6700   1223524     0.542        762.620        161.520          1.552         45.388         29.615 2026-05-28T23:10:34
    6720   1227876     0.541        800.080        174.300          1.560         45.532         41.908 2026-05-28T23:11:16
    6740   1230834     0.540        784.680        172.330          1.556         45.592         29.359 2026-05-28T23:11:45
    6760   1233644     0.540        774.460        170.070          1.579         45.563         27.466 2026-05-28T23:12:13
    6780   1236946     0.539        758.470        169.190          1.593         45.594         31.998 2026-05-28T23:12:45
    6800   1239810     0.538        729.440        162.860          1.594         45.686         26.791 2026-05-28T23:13:12
    6820   1242704     0.537        687.120        148.280          1.625         45.705         27.303 2026-05-28T23:13:39
    6840   1245749     0.536        693.360        149.150          1.631         45.723         27.954 2026-05-28T23:14:07
    6860   1249126     0.535        710.910        154.820          1.624         45.712         32.255 2026-05-28T23:14:39
    6880   1252297     0.535        706.830        153.510          1.643         45.752         29.444 2026-05-28T23:15:09
    6900   1254933     0.534        717.500        151.230          1.645         45.731         25.019 2026-05-28T23:15:34
    6920   1258077     0.533        717.420        153.730          1.657         45.769         30.006 2026-05-28T23:16:04
    6940   1260908     0.532        704.990        151.590          1.692         45.830         27.324 2026-05-28T23:16:31
    6960   1264248     0.531        694.530        151.220          1.702         46.015         31.491 2026-05-28T23:17:02
    6980   1268167     0.530        723.030        158.700          1.700         46.121         37.777 2026-05-28T23:17:40
    7000   1271197     0.530        724.270        162.640          1.701         46.206         29.197 2026-05-28T23:18:09
    7020   1273970     0.529        725.800        158.930          1.715         46.335         26.614 2026-05-28T23:18:36
    7040   1277651     0.528        761.970        167.430          1.713         46.474         34.450 2026-05-28T23:19:11
    7060   1281166     0.527        757.450        169.180          1.731         46.532         33.553 2026-05-28T23:19:44
    7080   1284503     0.526        717.800        163.360          1.743         46.579         31.575 2026-05-28T23:20:16
    7100   1287008     0.525        689.010        158.110          1.781         46.623         23.909 2026-05-28T23:20:40
    7120   1290334     0.525        686.950        163.640          1.771         46.616         30.772 2026-05-28T23:21:10
    7140   1293826     0.524        654.110        161.750          1.807         46.485         33.808 2026-05-28T23:21:44
    7160   1297899     0.523        664.410        167.330          1.809         46.337         38.779 2026-05-28T23:22:23
    7180   1302118     0.521        688.860        176.150          1.830         46.171         39.110 2026-05-28T23:23:02
    7200   1306167     0.520        755.360        191.590          1.867         45.981         39.561 2026-05-28T23:23:42
    7220   1308797     0.520        752.100        184.630          1.909         45.775         25.123 2026-05-28T23:24:07
    7240   1312537     0.519        779.250        187.110          1.935         45.667         36.105 2026-05-28T23:24:43
    7260   1315704     0.518        769.600        178.050          1.973         45.666         29.217 2026-05-28T23:25:12
    7280   1319819     0.517        782.880        177.010          1.995         45.586         39.034 2026-05-28T23:25:51
    7300   1323475     0.516        758.740        173.080          1.984         45.539         34.601 2026-05-28T23:26:26
    7320   1326204     0.515        755.000        174.070          1.992         45.424         25.512 2026-05-28T23:26:51
    7340   1329484     0.514        736.550        169.470          1.966         45.389         30.772 2026-05-28T23:27:22
    7360   1332784     0.514        756.960        170.800          1.961         45.277         32.108 2026-05-28T23:27:54
    7380   1335831     0.513        744.800        160.120          1.972         45.300         28.945 2026-05-28T23:28:23
    7400   1338352     0.512        711.810        148.770          1.954         45.296         24.587 2026-05-28T23:28:48
    7420   1342034     0.511        727.760        158.300          1.953         45.437         41.369 2026-05-28T23:29:29
    7440   1345138     0.510        701.380        156.540          1.950         45.375         30.401 2026-05-28T23:29:59
    7460   1348265     0.510        677.190        154.810          1.929         45.335         30.485 2026-05-28T23:30:30
    7480   1352517     0.509        678.790        166.860          1.900         45.255         39.812 2026-05-28T23:31:10
    7500   1355259     0.508        696.520        169.070          1.911         45.176         26.164 2026-05-28T23:31:36
    7520   1357792     0.507        681.130        157.580          1.875         45.036         23.429 2026-05-28T23:31:59
    7540   1362143     0.506        723.760        170.050          1.903         44.968         40.765 2026-05-28T23:32:40
    7560   1366269     0.505        739.010        180.040          1.907         44.858         37.860 2026-05-28T23:33:18
    7580   1370083     0.504        732.350        175.660          1.913         44.681         35.184 2026-05-28T23:33:53
    7600   1374650     0.503        747.620        193.910          1.913         44.516         41.340 2026-05-28T23:34:34
    7620   1378892     0.502        790.110        211.000          1.915         44.211         36.791 2026-05-28T23:35:11
    7640   1382569     0.501        785.340        204.260          1.894         43.999         34.553 2026-05-28T23:35:46
    7660   1385873     0.500        777.430        196.040          1.919         43.785         30.156 2026-05-28T23:36:16
    7680   1389348     0.499        769.450        192.650          1.919         43.736         32.397 2026-05-28T23:36:48
    7700   1392921     0.498        775.340        182.710          1.918         43.734         31.746 2026-05-28T23:37:20
    7720   1396237     0.498        732.280        173.450          1.926         43.845         30.124 2026-05-28T23:37:50
    7740   1398582     0.497        680.950        160.130          1.907         43.852         21.269 2026-05-28T23:38:11
    7760   1401910     0.496        665.750        160.370          1.871         43.901         30.500 2026-05-28T23:38:42
    7780   1405175     0.495        663.350        158.270          1.839         43.847         28.900 2026-05-28T23:39:11
    7800   1408309     0.495        646.430        153.880          1.840         43.843         28.674 2026-05-28T23:39:40
    7820   1412101     0.494        658.070        158.640          1.814         43.681         33.734 2026-05-28T23:40:13
    7840   1415956     0.493        710.100        173.740          1.800         43.524         34.721 2026-05-28T23:40:48
    7860   1419839     0.492        739.530        179.290          1.790         43.397         34.751 2026-05-28T23:41:23
    7880   1422961     0.491        740.610        177.860          1.792         43.354         32.300 2026-05-28T23:41:55
    7900   1427025     0.490        739.640        187.160          1.747         43.096         45.258 2026-05-28T23:42:40
    7920   1431090     0.489        733.180        189.890          1.743         43.060         42.827 2026-05-28T23:43:23
    7940   1434105     0.488        699.140        181.490          1.733         42.968         32.174 2026-05-28T23:43:55
    7960   1438530     0.487        701.500        186.910          1.725         42.739         47.854 2026-05-28T23:44:43
    7980   1442479     0.486        713.280        195.180          1.730         42.427         41.551 2026-05-28T23:45:25
    8000   1446120     0.485        726.370        190.950          1.764         42.263         40.110 2026-05-28T23:46:05
    8020   1448910     0.485        721.990        178.200          1.791         42.023         30.005 2026-05-28T23:46:35
    8040   1453234     0.484        763.860        191.290          1.827         41.897         46.387 2026-05-28T23:47:21
    8060   1457590     0.482        746.900        190.600          1.851         41.809         47.266 2026-05-28T23:48:08
    8080   1461928     0.481        766.520        194.490          1.876         41.588         46.873 2026-05-28T23:48:55
    8100   1465531     0.481        759.110        194.110          1.892         41.444         39.082 2026-05-28T23:49:34
    8120   1468941     0.480        769.660        200.310          1.912         41.327         36.640 2026-05-28T23:50:11
    8140   1471431     0.479        724.600        181.970          1.912         41.238         26.839 2026-05-28T23:50:38
    8160   1474315     0.478        699.500        167.250          1.961         41.186         30.618 2026-05-28T23:51:09
    8180   1478272     0.478        685.260        163.440          1.974         41.405         42.532 2026-05-28T23:51:51
    8200   1481451     0.477        677.100        159.200          1.996         41.483         28.584 2026-05-28T23:52:20
    8220   1485404     0.476        671.020        164.630          2.005         41.466         37.759 2026-05-28T23:52:57
    8240   1488302     0.475        680.280        168.710          2.023         41.472         30.958 2026-05-28T23:53:28
    8260   1491282     0.474        713.070        169.670          1.986         41.395         32.280 2026-05-28T23:54:01
    8280   1495019     0.474        713.960        167.470          1.971         41.264         40.285 2026-05-28T23:54:41
    8300   1498406     0.473        706.550        169.550          1.928         41.151         29.877 2026-05-28T23:55:11
    8320   1502591     0.472        743.710        171.870          1.890         41.139         42.419 2026-05-28T23:55:53
    8340   1506031     0.471        747.030        177.290          1.850         41.028         36.741 2026-05-28T23:56:30
    8360   1509715     0.470        742.480        184.330          1.819         41.084         38.742 2026-05-28T23:57:09
    8380   1512848     0.469        709.230        178.290          1.813         40.915         34.441 2026-05-28T23:57:43
    8400   1516109     0.469        720.460        177.030          1.821         40.844         34.705 2026-05-28T23:58:18
    8420   1519385     0.468        682.520        167.940          1.818         40.716         34.840 2026-05-28T23:58:53
    8440   1522563     0.467        691.010        165.320          1.823         40.667         34.901 2026-05-28T23:59:28
    8460   1525891     0.466        666.630        161.760          1.825         40.573         36.696 2026-05-29T00:00:04
    8480   1528891     0.466        671.980        160.430          1.796         40.732         33.397 2026-05-29T00:00:38
    8500   1531984     0.465        689.730        158.750          1.773         40.816         33.605 2026-05-29T00:01:11
    8520   1535559     0.464        705.560        161.740          1.742         40.958         38.748 2026-05-29T00:01:50
    8540   1538497     0.463        711.410        159.340          1.719         41.140         31.482 2026-05-29T00:02:22
    8560   1542788     0.462        737.030        168.970          1.708         41.344         45.661 2026-05-29T00:03:07
    8580   1546106     0.462        752.500        172.150          1.689         41.335         35.510 2026-05-29T00:03:43
    8600   1549360     0.461        744.400        173.760          1.650         41.324         35.408 2026-05-29T00:04:18
    8620   1552508     0.460        734.010        169.490          1.643         41.370         33.977 2026-05-29T00:04:52
    8640   1556342     0.459        736.160        178.450          1.637         41.362         40.753 2026-05-29T00:05:33
    8660   1560428     0.458        741.910        176.400          1.604         41.331         43.836 2026-05-29T00:06:17
    8680   1563579     0.458        721.120        174.730          1.596         41.634         34.957 2026-05-29T00:06:52
    8700   1567573     0.457        733.300        182.130          1.593         41.831         37.404 2026-05-29T00:07:29
    8720   1570821     0.456        730.290        183.130          1.591         41.855         35.190 2026-05-29T00:08:04
    8740   1573784     0.455        708.080        174.420          1.606         41.941         31.723 2026-05-29T00:08:36
    8760   1576612     0.455        687.180        161.840          1.625         41.989         29.880 2026-05-29T00:09:06
    8780   1579847     0.454        718.640        162.680          1.657         41.888         34.742 2026-05-29T00:09:41
    8800   1582843     0.453        697.420        152.700          1.708         41.947         32.223 2026-05-29T00:10:13
    8820   1585317     0.453        684.090        144.960          1.717         42.198         26.965 2026-05-29T00:10:40
    8840   1588704     0.452        703.890        149.200          1.699         42.335         35.345 2026-05-29T00:11:15
    8860   1591305     0.451        695.060        146.930          1.706         42.569         28.231 2026-05-29T00:11:43
    8880   1593946     0.451        671.220        140.990          1.709         42.735         28.807 2026-05-29T00:12:12
    8900   1597709     0.450        695.380        148.660          1.673         42.908         41.484 2026-05-29T00:12:54
    8920   1601727     0.449        729.440        164.100          1.679         42.968         43.035 2026-05-29T00:13:37
    8940   1604700     0.448        716.410        159.960          1.684         43.025         32.155 2026-05-29T00:14:09
    8960   1607313     0.448        722.020        160.080          1.686         43.086         28.606 2026-05-29T00:14:37
    8980   1609540     0.447        703.910        155.940          1.666         43.221         23.614 2026-05-29T00:15:01
    9000   1612786     0.446        693.850        150.770          1.690         43.365         35.065 2026-05-29T00:15:36
    9020   1616389     0.446        702.280        146.620          1.697         43.577         39.211 2026-05-29T00:16:15
    9040   1620600     0.445        750.160        159.000          1.706         43.854         45.630 2026-05-29T00:17:01
    9060   1624812     0.444        797.650        174.990          1.723         44.032         46.341 2026-05-29T00:17:47
    9080   1627481     0.443        817.420        179.410          1.734         44.182         28.603 2026-05-29T00:18:16
    9100   1631173     0.442        815.120        183.870          1.735         44.269         41.045 2026-05-29T00:18:57
    9120   1634857     0.442        788.470        184.680          1.747         44.250         40.680 2026-05-29T00:19:38
    9140   1637617     0.441        747.180        170.170          1.759         44.156         29.767 2026-05-29T00:20:07
    9160   1641352     0.440        729.660        165.400          1.766         44.078         40.150 2026-05-29T00:20:48
    9180   1644087     0.440        722.430        166.060          1.777         44.027         29.198 2026-05-29T00:21:17
    9200   1647471     0.439        729.450        162.980          1.759         44.074         37.005 2026-05-29T00:21:54
    9220   1651143     0.438        744.410        162.860          1.747         44.122         39.381 2026-05-29T00:22:33
    9240   1653933     0.437        728.160        163.160          1.749         44.205         29.786 2026-05-29T00:23:03
    9260   1657334     0.437        711.480        159.820          1.757         44.287         36.543 2026-05-29T00:23:39
    9280   1661445     0.436        726.580        173.580          1.775         44.334         45.061 2026-05-29T00:24:24
    9300   1664800     0.435        709.100        173.290          1.814         44.313         34.868 2026-05-29T00:24:59
    9320   1668661     0.434        721.050        175.180          1.834         44.369         42.148 2026-05-29T00:25:41
    9340   1671428     0.434        730.170        174.950          1.827         44.451         29.942 2026-05-29T00:26:11
    9360   1674015     0.433        721.350        166.810          1.831         44.513         27.752 2026-05-29T00:26:39
    9380   1678141     0.432        737.140        166.960          1.825         44.617         44.011 2026-05-29T00:27:23
    9400   1682330     0.431        759.480        175.300          1.824         44.657         45.608 2026-05-29T00:28:09
    9420   1686115     0.430        751.930        174.540          1.837         44.662         40.660 2026-05-29T00:28:49
    9440   1689687     0.430        773.270        182.590          1.855         44.656         38.623 2026-05-29T00:29:28
    9460   1692154     0.429        760.800        181.390          1.883         44.620         27.178 2026-05-29T00:29:55
    9480   1695301     0.428        758.350        171.600          1.910         44.526         34.812 2026-05-29T00:30:30
    9500   1698191     0.428        730.120        158.610          1.913         44.440         31.718 2026-05-29T00:31:02
    9520   1700623     0.427        695.720        145.080          1.938         44.383         26.214 2026-05-29T00:31:28
    9540   1703282     0.427        667.320        135.950          1.964         44.314         28.836 2026-05-29T00:31:57
    9560   1706565     0.426        699.980        144.110          1.939         44.399         35.498 2026-05-29T00:32:32
    9580   1709708     0.425        679.910        144.070          1.933         44.344         33.516 2026-05-29T00:33:06
    9600   1713080     0.425        687.490        148.890          1.932         44.351         36.550 2026-05-29T00:33:42
    9620   1716133     0.424        696.660        155.100          1.907         44.177         33.007 2026-05-29T00:34:15
    9640   1719673     0.423        740.520        163.910          1.877         44.041         38.156 2026-05-29T00:34:54
    9660   1722632     0.423        722.200        160.670          1.870         43.821         32.122 2026-05-29T00:35:26
    9680   1727136     0.422        744.280        174.280          1.833         43.709         48.661 2026-05-29T00:36:14
    9700   1730070     0.421        725.100        169.900          1.805         43.568         32.385 2026-05-29T00:36:47
    9720   1732848     0.420        717.740        167.150          1.767         43.586         29.149 2026-05-29T00:37:16
    9740   1738215     0.419        707.230        185.420          1.748         43.475         58.426 2026-05-29T00:38:14
    9760   1741128     0.419        706.030        184.960          1.724         43.307         31.374 2026-05-29T00:38:46
    9780   1744098     0.418        698.820        169.620          1.729         43.149         31.004 2026-05-29T00:39:17
    9800   1747087     0.417        711.040        170.170          1.712         43.028         32.878 2026-05-29T00:39:50
    9820   1750856     0.417        743.310        180.080          1.705         42.910         40.927 2026-05-29T00:40:31
    9840   1753885     0.416        734.690        156.700          1.709         42.927         32.296 2026-05-29T00:41:03
    9860   1757164     0.415        733.540        160.360          1.690         42.980         36.091 2026-05-29T00:41:39
    9880   1761219     0.415        765.290        171.210          1.674         42.975         44.095 2026-05-29T00:42:23
    9900   1764588     0.414        776.490        175.010          1.672         43.028         36.554 2026-05-29T00:43:00
    9920   1768205     0.413        775.260        173.490          1.664         43.138         39.733 2026-05-29T00:43:39
    9940   1771921     0.412        805.090        180.360          1.657         43.178         38.748 2026-05-29T00:44:18
    9960   1775838     0.412        839.970        186.740          1.677         43.233         42.263 2026-05-29T00:45:00
    9980   1778636     0.411        786.550        174.170          1.666         43.323         30.527 2026-05-29T00:45:31
   10000   1782787     0.410        806.560        181.990          1.668         43.458         44.409 2026-05-29T00:46:15
   10020   1785611     0.410        792.400        174.060          1.686         43.544         31.103 2026-05-29T00:46:46
   10040   1789050     0.409        767.610        171.290          1.668         43.612         36.643 2026-05-29T00:47:23
   10060   1792244     0.408        725.050        164.060          1.667         43.665         34.738 2026-05-29T00:47:58
   10080   1795795     0.407        770.610        171.590          1.686         43.784         39.370 2026-05-29T00:48:37
   10100   1799234     0.407        762.840        164.470          1.693         43.757         36.897 2026-05-29T00:49:14
   10120   1802378     0.406        756.060        167.670          1.707         43.768         34.278 2026-05-29T00:49:48
   10140   1805665     0.405        756.560        166.150          1.720         43.788         36.111 2026-05-29T00:50:24
   10160   1808940     0.405        782.730        166.960          1.708         43.742         34.976 2026-05-29T00:50:59
   10180   1811215     0.404        725.770        154.200          1.717         43.774         24.196 2026-05-29T00:51:24
   10200   1814515     0.404        734.500        152.810          1.730         43.815         36.868 2026-05-29T00:52:00
   10220   1817613     0.403        752.830        152.350          1.702         43.817         33.311 2026-05-29T00:52:34
   10240   1820874     0.402        743.520        152.090          1.700         43.892         34.766 2026-05-29T00:53:08
   10260   1824381     0.402        736.570        154.410          1.696         43.965         38.602 2026-05-29T00:53:47
   10280   1827632     0.401        773.030        164.170          1.671         44.129         35.568 2026-05-29T00:54:23
   10300   1830834     0.400        757.220        163.190          1.653         44.258         34.979 2026-05-29T00:54:58
   10320   1833262     0.400        725.900        156.490          1.689         44.438         26.437 2026-05-29T00:55:24
   10340   1836449     0.399        732.720        155.750          1.710         44.722         34.554 2026-05-29T00:55:59
   10360   1840475     0.398        746.880        160.940          1.720         45.119         43.886 2026-05-29T00:56:43
   10380   1844395     0.398        752.880        167.630          1.764         45.203         41.661 2026-05-29T00:57:24
   10400   1847176     0.397        736.890        163.420          1.788         45.382         30.805 2026-05-29T00:57:55
   10420   1850252     0.396        739.300        169.900          1.761         45.385         33.254 2026-05-29T00:58:28
   10440   1852968     0.396        721.270        165.190          1.791         45.284         29.025 2026-05-29T00:58:57
   10460   1857526     0.395        710.190        170.510          1.808         45.117         50.385 2026-05-29T00:59:48
   10480   1861642     0.394        686.350        172.470          1.807         44.907         45.253 2026-05-29T01:00:33
   10500   1864189     0.394        671.140        170.130          1.796         44.721         27.357 2026-05-29T01:01:00
   10520   1869066     0.393        702.540        188.140          1.815         44.644         52.161 2026-05-29T01:01:52
   10540   1872691     0.392        739.840        197.230          1.795         44.395         39.776 2026-05-29T01:02:32
   10560   1874863     0.392        703.270        173.370          1.786         44.235         23.287 2026-05-29T01:02:55
   10580   1878457     0.391        716.230        168.150          1.771         44.283         38.731 2026-05-29T01:03:34
   10600   1880872     0.390        728.590        166.830          1.797         44.252         26.595 2026-05-29T01:04:01
   10620   1883856     0.390        722.450        147.900          1.805         44.325         32.531 2026-05-29T01:04:33
   10640   1887029     0.389        694.800        143.380          1.792         44.532         33.689 2026-05-29T01:05:07
   10660   1889612     0.389        702.660        147.490          1.800         44.598         27.808 2026-05-29T01:05:35
   10680   1892432     0.388        680.390        139.750          1.819         44.709         30.619 2026-05-29T01:06:05
   10700   1895863     0.388        687.440        149.910          1.808         44.776         38.539 2026-05-29T01:06:44
   10720   1898009     0.387        640.050        141.530          1.812         44.752         22.678 2026-05-29T01:07:07
   10740   1900477     0.387        614.860        134.480          1.820         44.712         26.537 2026-05-29T01:07:33
   10760   1903500     0.386        643.280        138.880          1.815         44.695         32.407 2026-05-29T01:08:06
   10780   1906445     0.385        655.360        140.130          1.800         44.649         31.649 2026-05-29T01:08:37
   10800   1909539     0.385        665.030        136.760          1.791         44.632         32.510 2026-05-29T01:09:10
   10820   1912852     0.384        700.110        148.430          1.786         44.536         36.643 2026-05-29T01:09:46
   10840   1916584     0.384        745.040        161.070          1.787         44.457         40.807 2026-05-29T01:10:27
   10860   1920077     0.383        729.420        165.770          1.788         44.437         37.273 2026-05-29T01:11:04
   10880   1923029     0.382        742.120        165.840          1.808         44.351         32.134 2026-05-29T01:11:37
   10900   1925845     0.382        720.900        163.060          1.799         44.315         30.971 2026-05-29T01:12:08
   10920   1928812     0.381        714.870        159.600          1.811         44.323         32.889 2026-05-29T01:12:40
   10940   1932105     0.381        688.070        155.210          1.813         44.313         35.273 2026-05-29T01:13:16
   10960   1935323     0.380        717.790        152.460          1.819         44.290         35.577 2026-05-29T01:13:51
   10980   1938656     0.379        710.200        156.270          1.780         44.278         35.937 2026-05-29T01:14:27
   11000   1941726     0.379        720.970        158.810          1.809         44.236         33.642 2026-05-29T01:15:01
   11020   1944834     0.378        741.480        160.220          1.798         44.243         34.691 2026-05-29T01:15:36
   11040   1947915     0.378        754.500        158.100          1.787         44.269         34.577 2026-05-29T01:16:10
   11060   1951297     0.377        719.950        159.740          1.769         44.365         37.172 2026-05-29T01:16:47
   11080   1954278     0.376        712.250        156.220          1.770         44.411         31.935 2026-05-29T01:17:19
   11100   1959448     0.375        747.910        177.220          1.735         44.463         57.565 2026-05-29T01:18:17
   11120   1964295     0.375        736.960        194.610          1.724         44.339         52.331 2026-05-29T01:19:09
   11140   1967368     0.374        730.280        194.530          1.714         44.187         33.217 2026-05-29T01:19:42
   11160   1970892     0.373        757.650        195.950          1.754         43.995         37.460 2026-05-29T01:20:20
   11180   1973366     0.373        748.200        190.880          1.798         43.840         27.235 2026-05-29T01:20:47
   11200   1976543     0.372        720.000        170.950          1.808         43.659         33.894 2026-05-29T01:21:21
   11220   1979758     0.372        731.120        154.630          1.803         43.658         34.844 2026-05-29T01:21:56
   11240   1982660     0.371        715.490        152.920          1.823         43.610         31.518 2026-05-29T01:22:27
   11260   1985915     0.370        708.970        150.230          1.805         43.591         34.793 2026-05-29T01:23:02
   11280   1989083     0.370        725.300        157.170          1.770         43.558         34.254 2026-05-29T01:23:36
   11300   1992025     0.369        720.760        154.820          1.768         43.525         32.477 2026-05-29T01:24:09
   11320   1995038     0.369        728.460        152.800          1.775         43.492         33.340 2026-05-29T01:24:42
   11340   1998263     0.368        764.110        156.030          1.761         43.574         34.345 2026-05-29T01:25:17
   11360   2002179     0.367        806.110        162.640          1.763         43.621         43.180 2026-05-29T01:26:00
   11380   2004601     0.367        770.870        155.180          1.784         43.673         25.871 2026-05-29T01:26:26
   11400   2007977     0.366        785.150        159.520          1.794         43.739         35.647 2026-05-29T01:27:01
   11420   2012359     0.366        768.380        173.210          1.813         43.793         47.891 2026-05-29T01:27:49
   11440   2016307     0.365        739.830        180.440          1.822         43.806         43.243 2026-05-29T01:28:32
   11460   2018953     0.364        673.440        167.740          1.811         43.676         28.771 2026-05-29T01:29:01
   11480   2022788     0.364        728.800        181.870          1.835         43.546         42.484 2026-05-29T01:29:44
   11500   2025949     0.363        717.080        179.720          1.841         43.419         34.457 2026-05-29T01:30:18
   11520   2029153     0.363        715.400        167.940          1.844         43.173         35.585 2026-05-29T01:30:54
   11540   2032753     0.362        747.210        164.460          1.858         43.003         39.095 2026-05-29T01:31:33
   11560   2037288     0.361        793.900        183.350          1.863         42.932         49.537 2026-05-29T01:32:22
   11580   2040639     0.360        784.180        178.510          1.817         42.771         35.688 2026-05-29T01:32:58
   11600   2044175     0.360        801.380        182.260          1.813         42.783         38.114 2026-05-29T01:33:36
   11620   2047567     0.359        803.260        184.140          1.798         42.730         37.025 2026-05-29T01:34:13
   11640   2051041     0.359        778.590        182.880          1.779         42.606         37.641 2026-05-29T01:34:51
   11660   2054096     0.358        739.350        168.080          1.771         42.580         32.613 2026-05-29T01:35:23
   11680   2056869     0.358        720.670        162.300          1.775         42.628         30.367 2026-05-29T01:35:54
   11700   2060270     0.357        724.250        160.950          1.749         42.630         37.373 2026-05-29T01:36:31
   11720   2065042     0.356        734.670        174.750          1.755         42.845         51.284 2026-05-29T01:37:22
   11740   2067950     0.356        734.070        169.090          1.759         43.029         31.495 2026-05-29T01:37:54
   11760   2071172     0.355        749.990        170.760          1.783         43.217         34.511 2026-05-29T01:38:28
   11780   2074059     0.355        762.480        171.900          1.791         43.449         30.846 2026-05-29T01:38:59
   11800   2077258     0.354        738.210        169.880          1.807         43.554         35.081 2026-05-29T01:39:34
   11820   2081559     0.353        740.060        165.170          1.774         43.517         46.914 2026-05-29T01:40:21
   11840   2084310     0.353        746.200        163.600          1.747         43.431         30.184 2026-05-29T01:40:51
   11860   2087999     0.352        766.130        168.270          1.709         43.381         39.639 2026-05-29T01:41:31
   11880   2091655     0.351        791.820        175.960          1.680         43.218         40.898 2026-05-29T01:42:12
   11900   2095477     0.351        826.120        182.190          1.663         43.195         42.110 2026-05-29T01:42:54
   11920   2099203     0.350        843.400        176.440          1.662         43.185         39.941 2026-05-29T01:43:34
   11940   2102522     0.349        841.560        182.120          1.681         43.277         36.030 2026-05-29T01:44:10
   11960   2106299     0.349        851.360        183.000          1.684         43.258         41.635 2026-05-29T01:44:52
   11980   2110864     0.348        880.730        192.090          1.707         43.298         50.077 2026-05-29T01:45:42
   12000   2114883     0.347        875.130        194.060          1.747         43.253         44.307 2026-05-29T01:46:26
   12020   2118788     0.347        865.960        195.850          1.767         43.415         41.771 2026-05-29T01:47:08
   12040   2122276     0.346        861.390        197.540          1.792         43.501         38.426 2026-05-29T01:47:46
   12060   2125088     0.346        825.920        187.890          1.837         43.496         31.239 2026-05-29T01:48:18
   12080   2129027     0.345        788.200        181.630          1.860         43.674         43.158 2026-05-29T01:49:01
   12100   2132112     0.344        765.660        172.290          1.850         43.711         33.758 2026-05-29T01:49:34
   12120   2135169     0.344        752.980        163.810          1.869         43.665         34.009 2026-05-29T01:50:08
   12140   2138241     0.343        739.550        159.650          1.843         43.617         33.787 2026-05-29T01:50:42
   12160   2141495     0.343        758.740        164.070          1.837         43.661         34.637 2026-05-29T01:51:17
   12180   2144093     0.342        726.300        150.660          1.830         43.622         29.447 2026-05-29T01:51:46
   12200   2147392     0.342        749.240        152.800          1.820         43.694         36.197 2026-05-29T01:52:23
   12220   2151480     0.341        762.010        163.110          1.825         43.764         43.621 2026-05-29T01:53:06
   12240   2153898     0.341        746.920        156.570          1.859         44.022         26.502 2026-05-29T01:53:33
   12260   2156712     0.340        722.160        152.170          1.878         44.159         31.541 2026-05-29T01:54:04
   12280   2159768     0.340        734.490        156.750          1.871         44.256         33.986 2026-05-29T01:54:38
   12300   2163182     0.339        724.370        157.900          1.903         44.384         36.677 2026-05-29T01:55:15
   12320   2166453     0.339        720.040        149.730          1.896         44.459         36.472 2026-05-29T01:55:51
   12340   2170025     0.338        771.730        161.270          1.868         44.440         38.718 2026-05-29T01:56:30
   12360   2172947     0.337        767.690        162.350          1.846         44.578         31.204 2026-05-29T01:57:01
   12380   2176818     0.337        793.710        170.500          1.863         44.598         42.174 2026-05-29T01:57:43
   12400   2179377     0.336        755.200        161.950          1.852         44.565         28.191 2026-05-29T01:58:12
   12420   2181562     0.336        710.640        151.090          1.854         44.633         23.733 2026-05-29T01:58:35
   12440   2184642     0.335        688.720        146.170          1.867         44.665         33.017 2026-05-29T01:59:08
   12460   2188460     0.335        740.880        155.130          1.851         44.700         43.401 2026-05-29T01:59:52
   12480   2191280     0.334        698.810        144.620          1.838         44.911         31.467 2026-05-29T02:00:23
   12500   2194856     0.334        725.460        154.790          1.825         45.024         39.511 2026-05-29T02:01:03
   12520   2197557     0.333        740.580        159.950          1.806         45.044         29.222 2026-05-29T02:01:32
   12540   2200706     0.333        744.580        160.640          1.799         45.036         34.800 2026-05-29T02:02:07
   12560   2204328     0.332        734.220        158.680          1.793         45.080         39.473 2026-05-29T02:02:46
   12580   2207056     0.332        736.630        157.760          1.779         44.996         28.707 2026-05-29T02:03:15
   12600   2210313     0.331        746.870        154.570          1.762         45.055         36.324 2026-05-29T02:03:51
   12620   2213748     0.331        767.930        161.910          1.798         45.094         36.827 2026-05-29T02:04:28
   12640   2217004     0.330        781.880        162.980          1.800         45.258         34.972 2026-05-29T02:05:03
   12660   2219278     0.330        728.820        149.500          1.791         45.394         24.681 2026-05-29T02:05:28
   12680   2222986     0.329        780.450        159.300          1.819         45.565         41.535 2026-05-29T02:06:09
   12700   2226607     0.328        785.510        162.940          1.821         45.790         40.398 2026-05-29T02:06:50
   12720   2229724     0.328        785.510        159.760          1.800         45.993         34.015 2026-05-29T02:07:24
   12740   2233458     0.327        789.740        164.540          1.811         46.100         40.980 2026-05-29T02:08:05
   12760   2236024     0.327        804.840        167.460          1.843         46.181         27.532 2026-05-29T02:08:32
   12780   2238665     0.326        756.100        156.790          1.821         46.310         28.066 2026-05-29T02:09:00
   12800   2241969     0.326        754.680        153.620          1.835         46.377         35.609 2026-05-29T02:09:36
   12820   2245741     0.325        759.490        160.170          1.843         46.452         41.534 2026-05-29T02:10:17
   12840   2248569     0.325        726.820        151.110          1.831         46.444         30.664 2026-05-29T02:10:48
   12860   2251758     0.324        738.300        157.340          1.831         46.416         33.998 2026-05-29T02:11:22
   12880   2254984     0.324        755.260        163.190          1.836         46.333         35.636 2026-05-29T02:11:58
   12900   2257287     0.323        724.870        153.180          1.843         46.243         25.996 2026-05-29T02:12:24
   12920   2260598     0.323        736.550        148.570          1.845         46.247         36.207 2026-05-29T02:13:00
   12940   2264154     0.322        768.470        155.850          1.860         46.295         38.387 2026-05-29T02:13:38
   12960   2266854     0.322        751.810        150.960          1.846         46.315         29.474 2026-05-29T02:14:08
   12980   2269805     0.321        757.210        148.210          1.835         46.357         32.293 2026-05-29T02:14:40
   13000   2273570     0.321        767.010        162.830          1.853         46.476         41.287 2026-05-29T02:15:21
   13020   2276501     0.320        743.800        159.030          1.817         46.480         32.726 2026-05-29T02:15:54
   13040   2279346     0.320        729.260        151.920          1.824         46.533         31.312 2026-05-29T02:16:25
   13060   2282527     0.319        734.510        156.730          1.887         46.584         34.929 2026-05-29T02:17:00
   13080   2286263     0.319        737.740        164.580          1.914         46.599         41.235 2026-05-29T02:17:42
   13100   2289820     0.318        768.170        162.500          1.904         46.485         39.652 2026-05-29T02:18:21
   13120   2292826     0.318        776.300        163.250          1.944         46.421         33.583 2026-05-29T02:18:55
   13140   2296216     0.317        779.120        168.700          1.961         46.389         37.039 2026-05-29T02:19:32
   13160   2299107     0.317        785.440        165.800          1.896         46.302         31.901 2026-05-29T02:20:04
   13180   2302388     0.316        782.210        161.250          1.906         46.261         35.968 2026-05-29T02:20:40
   13200   2306349     0.316        799.530        165.290          1.907         46.344         42.475 2026-05-29T02:21:22
   13220   2309741     0.315        804.010        169.150          1.893         46.347         36.814 2026-05-29T02:21:59
   13240   2312778     0.315        803.680        165.620          1.894         46.275         32.541 2026-05-29T02:22:32
   13260   2316136     0.314        825.960        170.290          1.905         46.276         36.574 2026-05-29T02:23:08
   13280   2319613     0.314        831.210        172.250          1.877         46.277         38.462 2026-05-29T02:23:47
   13300   2323190     0.313        823.030        168.410          1.889         46.136         39.546 2026-05-29T02:24:26
   13320   2326494     0.312        830.440        167.530          1.890         46.120         36.368 2026-05-29T02:25:02
   13340   2329928     0.312        848.880        171.500          1.848         46.077         38.206 2026-05-29T02:25:41
   13360   2333247     0.311        852.320        171.110          1.870         46.070         35.777 2026-05-29T02:26:16
   13380   2336252     0.311        850.850        166.390          1.884         46.045         32.472 2026-05-29T02:26:49
   13400   2339349     0.310        812.330        161.590          1.873         46.085         33.674 2026-05-29T02:27:23
   13420   2342100     0.310        794.020        156.060          1.861         46.093         30.651 2026-05-29T02:27:53
   13440   2345667     0.309        772.130        157.390          1.864         46.165         38.643 2026-05-29T02:28:32
   13460   2348756     0.309        756.330        155.090          1.839         46.208         33.337 2026-05-29T02:29:05
   13480   2351417     0.309        735.530        151.650          1.837         46.269         30.083 2026-05-29T02:29:35
   13500   2354141     0.308        739.290        147.920          1.841         46.341         30.503 2026-05-29T02:30:06
   13520   2357049     0.308        731.160        149.490          1.863         46.387         32.038 2026-05-29T02:30:38
   13540   2360077     0.307        730.980        144.100          1.847         46.388         32.352 2026-05-29T02:31:10
   13560   2363431     0.307        739.050        146.750          1.852         46.429         36.710 2026-05-29T02:31:47
   13580   2366701     0.306        751.460        152.840          1.834         46.438         36.003 2026-05-29T02:32:23
   13600   2370191     0.306        770.900        160.500          1.819         46.336         37.839 2026-05-29T02:33:01
   13620   2372881     0.305        775.670        158.320          1.809         46.231         28.937 2026-05-29T02:33:30
   13640   2376872     0.305        810.190        167.950          1.809         46.255         44.100 2026-05-29T02:34:14
   13660   2379578     0.304        785.100        161.470          1.796         46.211         29.778 2026-05-29T02:34:44
   13680   2382228     0.304        769.650        155.270          1.816         46.119         28.197 2026-05-29T02:35:12
   13700   2385308     0.303        758.050        151.170          1.808         46.168         34.696 2026-05-29T02:35:46
   13720   2388156     0.303        762.780        152.750          1.806         46.248         31.357 2026-05-29T02:36:18
   13740   2391682     0.302        730.680        148.100          1.818         46.361         38.807 2026-05-29T02:36:57
   13760   2395266     0.302        769.560        156.880          1.809         46.507         39.725 2026-05-29T02:37:36
   13780   2398760     0.301        806.380        165.320          1.793         46.693         38.113 2026-05-29T02:38:14
   13800   2401451     0.301        786.730        161.430          1.804         46.805         29.593 2026-05-29T02:38:44
   13820   2405725     0.300        803.180        175.690          1.784         46.894         46.370 2026-05-29T02:39:30
   13840   2408714     0.300        794.470        170.320          1.777         46.776         32.624 2026-05-29T02:40:03
   13860   2411626     0.299        758.980        163.600          1.798         46.675         31.941 2026-05-29T02:40:35
   13880   2415713     0.299        769.610        169.530          1.782         46.622         44.765 2026-05-29T02:41:20
   13900   2419085     0.298        799.250        176.340          1.771         46.587         36.731 2026-05-29T02:41:56
   13920   2421241     0.298        743.580        155.160          1.791         46.500         23.722 2026-05-29T02:42:20
   13940   2426786     0.297        790.140        180.720          1.800         46.462         61.653 2026-05-29T02:43:22
   13960   2430317     0.297        810.390        186.910          1.783         46.296         39.001 2026-05-29T02:44:01
   13980   2433875     0.296        780.950        181.620          1.800         46.080         39.594 2026-05-29T02:44:40
   14000   2438091     0.296        800.950        190.060          1.798         45.830         46.458 2026-05-29T02:45:27
   14020   2441324     0.295        855.820        200.830          1.790         45.673         35.253 2026-05-29T02:46:02
   14040   2444949     0.295        831.230        181.630          1.800         45.444         39.544 2026-05-29T02:46:42
   14060   2448029     0.294        815.530        177.120          1.793         45.359         33.508 2026-05-29T02:47:15
   14080   2451632     0.294        820.200        177.570          1.794         45.221         40.068 2026-05-29T02:47:55
   14100   2455294     0.293        781.620        172.030          1.810         45.073         40.463 2026-05-29T02:48:36
   14120   2458219     0.293        762.980        168.950          1.807         44.899         32.032 2026-05-29T02:49:08
   14140   2461888     0.292        750.140        169.390          1.804         44.729         40.898 2026-05-29T02:49:49
   14160   2466218     0.291        758.130        181.890          1.808         44.560         47.537 2026-05-29T02:50:36
   14180   2469392     0.291        761.660        177.600          1.780         44.420         34.391 2026-05-29T02:51:11
   14200   2472861     0.290        780.090        175.670          1.774         44.331         38.284 2026-05-29T02:51:49
   14220   2475527     0.290        753.220        173.080          1.770         44.193         28.359 2026-05-29T02:52:17
   14240   2478459     0.290        749.670        165.710          1.764         44.171         32.322 2026-05-29T02:52:50
   14260   2483041     0.289        729.420        168.230          1.765         43.928         50.087 2026-05-29T02:53:40
   14280   2486438     0.288        745.690        170.460          1.772         43.717         37.402 2026-05-29T02:54:17
   14300   2489427     0.288        719.190        165.660          1.747         43.439         33.864 2026-05-29T02:54:51
   14320   2492885     0.288        760.830        173.580          1.749         43.231         37.820 2026-05-29T02:55:29
   14340   2496103     0.287        782.010        176.440          1.733         43.000         35.483 2026-05-29T02:56:04
   14360   2499535     0.287        794.040        164.940          1.732         42.929         37.297 2026-05-29T02:56:42
   14380   2502975     0.286        792.430        165.370          1.739         42.896         37.413 2026-05-29T02:57:19
   14400   2505917     0.286        789.390        164.900          1.718         43.042         32.764 2026-05-29T02:57:52
   14420   2508838     0.285        781.900        159.530          1.674         43.065         31.792 2026-05-29T02:58:23
   14440   2511998     0.285        769.470        158.950          1.653         43.050         34.542 2026-05-29T02:58:58
   14460   2515920     0.284        797.710        163.850          1.599         43.151         43.445 2026-05-29T02:59:41
   14480   2519107     0.284        771.640        161.320          1.571         43.156         35.118 2026-05-29T03:00:17
   14500   2522199     0.283        794.050        162.820          1.582         43.103         34.018 2026-05-29T03:00:51
   14520   2525661     0.283        790.770        168.230          1.576         43.111         37.891 2026-05-29T03:01:29
   14540   2529442     0.282        801.650        174.440          1.550         43.194         41.332 2026-05-29T03:02:10
   14560   2532022     0.282        762.780        161.020          1.601         43.291         28.290 2026-05-29T03:02:38
   14580   2534648     0.282        749.270        155.410          1.609         43.437         28.388 2026-05-29T03:03:07
   14600   2538599     0.281        776.620        164.000          1.598         43.594         44.326 2026-05-29T03:03:51
   14620   2542206     0.281        799.580        165.450          1.615         43.741         39.103 2026-05-29T03:04:30
   14640   2545954     0.280        797.530        165.120          1.655         43.902         40.768 2026-05-29T03:05:11
   14660   2548992     0.280        814.780        169.700          1.624         43.951         33.809 2026-05-29T03:05:45
   14680   2552015     0.279        829.500        173.670          1.627         43.994         33.567 2026-05-29T03:06:18
   14700   2556371     0.279        817.380        177.720          1.641         44.048         48.744 2026-05-29T03:07:07
   14720   2560319     0.278        797.260        181.130          1.652         44.044         44.201 2026-05-29T03:07:51
   14740   2563518     0.278        789.470        175.640          1.672         43.990         35.359 2026-05-29T03:08:26
   14760   2567359     0.277        820.870        183.670          1.677         44.108         41.712 2026-05-29T03:09:08
   14780   2571020     0.277        833.150        190.050          1.693         44.128         40.596 2026-05-29T03:09:49
   14800   2575582     0.276        836.540        192.110          1.693         44.084         49.620 2026-05-29T03:10:38
   14820   2578843     0.275        849.830        185.240          1.698         44.135         35.362 2026-05-29T03:11:14
   14840   2582000     0.275        851.170        184.820          1.689         44.277         35.250 2026-05-29T03:11:49
   14860   2585899     0.274        847.410        185.400          1.703         44.347         42.972 2026-05-29T03:12:32
   14880   2588612     0.274        819.950        175.920          1.662         44.498         29.279 2026-05-29T03:13:01
   14900   2593194     0.273        787.320        176.120          1.693         44.549         47.803 2026-05-29T03:13:49
   14920   2596681     0.273        799.670        178.380          1.680         44.551         38.650 2026-05-29T03:14:28
   14940   2599869     0.273        801.340        178.690          1.659         44.511         34.296 2026-05-29T03:15:02
   14960   2602964     0.272        771.010        170.650          1.672         44.353         33.727 2026-05-29T03:15:36
   14980   2606224     0.272        797.580        176.120          1.698         44.346         36.050 2026-05-29T03:16:12
   15000   2610469     0.271        806.700        172.750          1.705         44.313         44.840 2026-05-29T03:16:57
   15020   2613345     0.271        777.430        166.640          1.732         44.203         31.442 2026-05-29T03:17:28
   15040   2616976     0.270        789.900        171.070          1.743         44.167         40.800 2026-05-29T03:18:09
   15060   2619705     0.270        770.790        167.410          1.721         44.123         30.851 2026-05-29T03:18:40
   15080   2622877     0.269        765.990        166.530          1.759         44.002         34.090 2026-05-29T03:19:14
   15100   2626584     0.269        814.850        161.150          1.730         44.105         41.316 2026-05-29T03:19:55
   15120   2630657     0.268        856.440        173.120          1.727         44.324         45.406 2026-05-29T03:20:40
   15140   2633973     0.268        847.740        169.970          1.746         44.452         35.918 2026-05-29T03:21:16
   15160   2636641     0.268        864.440        169.360          1.763         44.549         29.648 2026-05-29T03:21:46
   15180   2639828     0.267        872.550        169.510          1.732         44.697         34.984 2026-05-29T03:22:21
   15200   2643142     0.267        848.750        165.580          1.745         44.740         35.039 2026-05-29T03:22:56
   15220   2646254     0.266        833.580        155.970          1.750         44.894         33.862 2026-05-29T03:23:30
   15240   2649403     0.266        841.060        154.300          1.719         45.070         35.222 2026-05-29T03:24:05
   15260   2653424     0.265        906.320        167.830          1.727         45.282         45.175 2026-05-29T03:24:50
   15280   2655480     0.265        856.390        156.520          1.732         45.522         21.920 2026-05-29T03:25:12
   15300   2658571     0.265        847.000        154.290          1.703         45.809         34.565 2026-05-29T03:25:47
   15320   2661765     0.264        836.340        155.110          1.682         46.062         34.532 2026-05-29T03:26:21
   15340   2665231     0.264        841.080        158.280          1.683         46.272         37.905 2026-05-29T03:26:59
   15360   2668009     0.263        767.390        145.850          1.660         46.501         30.434 2026-05-29T03:27:30
   15380   2671444     0.263        836.910        159.640          1.657         46.727         38.218 2026-05-29T03:28:08
   15400   2674315     0.263        818.580        157.440          1.665         46.950         31.804 2026-05-29T03:28:40
   15420   2678103     0.262        810.030        163.380          1.658         47.107         42.589 2026-05-29T03:29:22
   15440   2680912     0.262        792.770        156.810          1.653         47.310         32.030 2026-05-29T03:29:54
   15460   2683406     0.261        799.860        153.970          1.651         47.547         28.087 2026-05-29T03:30:22
   15480   2687334     0.261        756.060        158.900          1.644         47.633         44.721 2026-05-29T03:31:07
   15500   2691215     0.260        784.830        169.000          1.649         47.724         43.644 2026-05-29T03:31:51
   15520   2694724     0.260        805.130        166.210          1.662         47.940         37.889 2026-05-29T03:32:29
   15540   2697888     0.260        804.160        169.760          1.664         48.081         33.790 2026-05-29T03:33:02
   15560   2701253     0.259        833.010        178.470          1.682         48.104         37.110 2026-05-29T03:33:40
   15580   2704816     0.259        846.490        174.820          1.677         48.249         39.231 2026-05-29T03:34:19
   15600   2708397     0.258        847.130        171.820          1.679         48.311         39.603 2026-05-29T03:34:58
   15620   2711324     0.258        814.350        166.000          1.686         48.309         32.199 2026-05-29T03:35:31
   15640   2714916     0.257        828.780        170.280          1.725         48.386         41.027 2026-05-29T03:36:12
   15660   2718203     0.257        809.000        169.500          1.726         48.513         36.655 2026-05-29T03:36:48
   15680   2721802     0.256        836.510        169.860          1.760         48.617         38.702 2026-05-29T03:37:27
   15700   2725366     0.256        838.850        169.690          1.774         48.685         38.804 2026-05-29T03:38:06
   15720   2728771     0.256        858.580        174.470          1.769         48.743         37.729 2026-05-29T03:38:43
   15740   2732099     0.255        860.120        171.830          1.773         48.660         35.811 2026-05-29T03:39:19
   15760   2735218     0.255        860.160        170.150          1.774         48.636         35.179 2026-05-29T03:39:54
   15780   2738376     0.254        841.250        165.740          1.764         48.525         34.714 2026-05-29T03:40:29
   15800   2741471     0.254        815.690        161.050          1.761         48.448         33.805 2026-05-29T03:41:03
   15820   2744214     0.254        781.520        154.430          1.767         48.322         30.106 2026-05-29T03:41:33
   15840   2746711     0.253        729.100        146.120          1.727         48.204         28.243 2026-05-29T03:42:01
   15860   2750883     0.253        752.080        156.650          1.734         48.018         47.035 2026-05-29T03:42:48
   15880   2754640     0.252        751.450        162.640          1.744         47.816         41.362 2026-05-29T03:43:30
   15900   2758465     0.252        770.800        169.940          1.762         47.602         41.520 2026-05-29T03:44:11
   15920   2762206     0.251        827.040        179.920          1.773         47.282         41.319 2026-05-29T03:44:53
   15940   2765641     0.251        850.610        189.300          1.812         46.990         38.136 2026-05-29T03:45:31
   15960   2768162     0.251        808.710        172.790          1.815         46.761         27.948 2026-05-29T03:45:59
   15980   2771598     0.250        823.960        169.580          1.822         46.595         37.659 2026-05-29T03:46:36
   16000   2774842     0.250        807.420        163.770          1.808         46.513         34.368 2026-05-29T03:47:11
   16020   2780553     0.249        795.980        183.470          1.800         46.383         63.403 2026-05-29T03:48:14
   16040   2784361     0.249        793.690        187.200          1.793         46.152         42.095 2026-05-29T03:48:56
   16060   2787748     0.248        791.110        195.860          1.777         45.878         37.321 2026-05-29T03:49:34
   16080   2791598     0.248        787.180        200.000          1.745         45.579         42.282 2026-05-29T03:50:16
   16100   2796054     0.247        815.130        212.120          1.721         45.221         49.286 2026-05-29T03:51:05
   16120   2799370     0.247        791.070        188.170          1.686         44.882         37.444 2026-05-29T03:51:43
   16140   2803082     0.246        819.190        187.210          1.662         44.724         40.840 2026-05-29T03:52:23
   16160   2807555     0.246        845.420        198.070          1.651         44.515         49.400 2026-05-29T03:53:13
   16180   2811748     0.245        847.410        201.500          1.641         44.266         47.385 2026-05-29T03:54:00
   16200   2814275     0.245        782.610        182.210          1.641         43.979         28.618 2026-05-29T03:54:29
   16220   2817121     0.244        782.630        177.510          1.661         43.847         32.360 2026-05-29T03:55:01
   16240   2820508     0.244        784.170        174.260          1.678         43.721         37.511 2026-05-29T03:55:39
   16260   2823982     0.244        793.870        164.270          1.687         43.719         38.268 2026-05-29T03:56:17
   16280   2827034     0.243        764.390        152.860          1.698         43.652         33.744 2026-05-29T03:56:51
   16300   2830176     0.243        797.310        159.010          1.679         43.689         34.829 2026-05-29T03:57:25
   16320   2833858     0.242        792.360        167.370          1.659         43.738         40.819 2026-05-29T03:58:06
   16340   2837257     0.242        801.600        167.490          1.616         43.772         38.025 2026-05-29T03:58:44
   16360   2839827     0.242        774.980        158.450          1.585         43.708         28.117 2026-05-29T03:59:12
   16380   2843466     0.241        809.390        164.320          1.585         43.749         40.900 2026-05-29T03:59:53
   16400   2848102     0.241        866.650        179.260          1.592         43.701         49.085 2026-05-29T04:00:42
   16420   2852165     0.240        911.020        183.070          1.594         43.601         44.968 2026-05-29T04:01:27
   16440   2855550     0.240        875.760        182.930          1.604         43.535         37.345 2026-05-29T04:02:05
   16460   2857969     0.240        868.030        181.420          1.608         43.532         26.979 2026-05-29T04:02:32
   16480   2861214     0.239        851.780        177.480          1.585         43.535         35.809 2026-05-29T04:03:08
   16500   2864225     0.239        786.870        161.230          1.596         43.622         33.696 2026-05-29T04:03:41
   16520   2867177     0.238        751.760        150.120          1.594         43.746         32.224 2026-05-29T04:04:13
   16540   2870280     0.238        760.320        147.300          1.583         43.841         34.659 2026-05-29T04:04:48
   16560   2873085     0.238        774.570        151.160          1.588         43.916         30.590 2026-05-29T04:05:19
   16580   2876334     0.237        783.140        151.200          1.585         44.103         36.511 2026-05-29T04:05:55
   16600   2879716     0.237        795.410        154.910          1.569         44.343         38.233 2026-05-29T04:06:33
   16620   2882840     0.237        793.030        156.630          1.577         44.689         33.879 2026-05-29T04:07:07
   16640   2886337     0.236        809.510        160.570          1.578         45.063         39.405 2026-05-29T04:07:47
   16660   2889410     0.236        816.790        163.250          1.572         45.460         33.556 2026-05-29T04:08:20
   16680   2892916     0.235        806.870        165.820          1.594         45.878         38.684 2026-05-29T04:08:59
   16700   2896956     0.235        845.370        172.400          1.600         46.193         44.850 2026-05-29T04:09:44
   16720   2901127     0.234        866.660        182.870          1.602         46.382         45.829 2026-05-29T04:10:30
   16740   2904025     0.234        843.310        176.880          1.628         46.491         31.872 2026-05-29T04:11:02
   16760   2907832     0.234        861.750        184.220          1.643         46.741         42.272 2026-05-29T04:11:44
   16780   2910923     0.233        860.860        180.070          1.633         46.902         34.651 2026-05-29T04:12:18
   16800   2914122     0.233        835.210        171.660          1.660         47.117         35.670 2026-05-29T04:12:54
   16820   2917004     0.233        826.370        158.770          1.671         47.368         31.485 2026-05-29T04:13:26
   16840   2919995     0.232        828.610        159.700          1.653         47.656         33.532 2026-05-29T04:13:59
   16860   2923464     0.232        833.220        156.320          1.662         47.798         39.124 2026-05-29T04:14:38
   16880   2927572     0.231        857.130        166.490          1.665         47.884         45.526 2026-05-29T04:15:24
   16900   2931008     0.231        857.220        168.860          1.649         47.885         36.239 2026-05-29T04:16:00
   16920   2934158     0.231        851.250        171.540          1.655         47.997         35.092 2026-05-29T04:16:35
   16940   2937022     0.230        851.380        170.270          1.657         48.102         31.466 2026-05-29T04:17:07
   16960   2940153     0.230        832.600        166.890          1.657         48.147         35.062 2026-05-29T04:17:42
   16980   2943543     0.230        823.220        159.710          1.671         48.218         38.323 2026-05-29T04:18:20
   17000   2946777     0.229        817.170        157.690          1.661         48.368         36.127 2026-05-29T04:18:56
   17020   2950608     0.229        835.870        164.500          1.645         48.313         41.963 2026-05-29T04:19:38
   17040   2955604     0.228        830.020        185.820          1.666         48.207         55.706 2026-05-29T04:20:34
   17060   2958323     0.228        803.220        181.700          1.649         48.023         30.100 2026-05-29T04:21:04
   17080   2961682     0.227        781.030        181.390          1.626         47.867         38.145 2026-05-29T04:21:42
   17100   2965056     0.227        789.130        182.790          1.636         47.554         37.475 2026-05-29T04:22:19
   17120   2968633     0.227        753.320        180.250          1.628         47.297         39.308 2026-05-29T04:22:59
   17140   2971863     0.226        766.840        162.590          1.615         47.007         35.822 2026-05-29T04:23:35
   17160   2975669     0.226        807.500        173.460          1.625         46.849         42.485 2026-05-29T04:24:17
   17180   2980222     0.225        793.170        185.400          1.631         46.579         51.210 2026-05-29T04:25:08
   17200   2983517     0.225        771.610        184.610          1.644         46.347         34.552 2026-05-29T04:25:43
   17220   2987073     0.225        797.760        184.400          1.658         46.101         39.690 2026-05-29T04:26:23
   17240   2990078     0.224        788.340        182.150          1.681         45.911         33.325 2026-05-29T04:26:56
   17260   2993048     0.224        769.060        173.790          1.709         45.806         32.726 2026-05-29T04:27:29
   17280   2996017     0.224        784.870        157.950          1.743         45.756         33.217 2026-05-29T04:28:02
   17300   2999494     0.223        798.060        159.770          1.735         45.861         38.824 2026-05-29T04:28:41
   17320   3003326     0.223        816.320        162.530          1.748         46.090         42.250 2026-05-29T04:29:23
   17340   3006505     0.222        829.740        164.270          1.758         46.291         36.210 2026-05-29T04:29:59
   17360   3010308     0.222        849.480        172.600          1.759         46.499         43.872 2026-05-29T04:30:43
   17380   3014200     0.222        863.420        181.830          1.756         46.654         43.302 2026-05-29T04:31:26
   17400   3017193     0.221        851.290        176.990          1.793         46.620         33.957 2026-05-29T04:32:00
   17420   3020570     0.221        818.940        172.440          1.823         46.453         37.617 2026-05-29T04:32:38
   17440   3024379     0.220        853.590        178.740          1.824         46.392         41.689 2026-05-29T04:33:20
   17460   3028078     0.220        855.730        177.700          1.808         46.234         41.317 2026-05-29T04:34:01
   17480   3031041     0.220        844.960        168.410          1.814         46.098         32.625 2026-05-29T04:34:33
   17500   3034276     0.219        853.500        170.830          1.780         46.092         35.095 2026-05-29T04:35:09
   17520   3037954     0.219        871.980        173.840          1.756         46.152         41.387 2026-05-29T04:35:50
   17540   3041078     0.219        833.950        166.990          1.747         46.028         35.318 2026-05-29T04:36:25
   17560   3044966     0.218        857.170        168.880          1.724         45.872         43.198 2026-05-29T04:37:08
   17580   3047871     0.218        846.220        168.300          1.672         45.844         32.167 2026-05-29T04:37:41
   17600   3051485     0.217        849.370        172.090          1.671         45.778         40.236 2026-05-29T04:38:21
   17620   3054618     0.217        812.270        166.640          1.639         45.687         34.532 2026-05-29T04:38:55
   17640   3058783     0.217        826.700        177.050          1.623         45.856         45.911 2026-05-29T04:39:41
   17660   3062264     0.216        799.820        172.980          1.619         46.042         38.854 2026-05-29T04:40:20
   17680   3066209     0.216        814.750        183.380          1.635         46.080         43.688 2026-05-29T04:41:04
   17700   3069349     0.216        805.710        178.640          1.618         46.144         30.775 2026-05-29T04:41:35
   17720   3072180     0.215        815.920        175.620          1.638         46.229         32.315 2026-05-29T04:42:07
   17740   3076131     0.215        837.900        173.480          1.651         46.225         41.742 2026-05-29T04:42:49
   17760   3082248     0.214        840.780        199.840          1.663         46.179         57.366 2026-05-29T04:43:46
   17780   3084552     0.214        797.590        183.430          1.648         46.372         21.362 2026-05-29T04:44:07
   17800   3087569     0.214        790.080        182.200          1.635         46.460         28.903 2026-05-29T04:44:36
   17820   3089958     0.213        754.010        177.780          1.602         46.478         22.642 2026-05-29T04:44:59
   17840   3094161     0.213        689.160        180.300          1.566         46.432         39.667 2026-05-29T04:45:39
   17860   3096798     0.213        646.720        145.500          1.542         46.379         25.123 2026-05-29T04:46:04
   17880   3099601     0.212        651.030        150.490          1.532         46.154         26.301 2026-05-29T04:46:30
   17900   3102691     0.212        657.500        151.220          1.526         45.982         29.757 2026-05-29T04:47:00
   17920   3105723     0.212        702.990        157.650          1.503         45.809         28.767 2026-05-29T04:47:29
   17940   3109055     0.211        737.540        148.940          1.452         45.697         32.709 2026-05-29T04:48:01
   17960   3112822     0.211        774.090        160.240          1.439         45.703         36.755 2026-05-29T04:48:38
   17980   3116100     0.211        807.360        164.990          1.419         45.637         30.828 2026-05-29T04:49:09
   18000   3119783     0.210        826.620        170.920          1.386         45.699         41.773 2026-05-29T04:49:51
   18020   3123346     0.210        831.560        176.230          1.383         45.678         39.482 2026-05-29T04:50:30
   18040   3126866     0.209        830.840        178.110          1.398         45.607         38.996 2026-05-29T04:51:09
   18060   3131365     0.209        816.830        185.430          1.410         45.423         49.652 2026-05-29T04:51:59
   18080   3134382     0.209        805.090        182.820          1.417         45.301         33.698 2026-05-29T04:52:32
   18100   3137572     0.208        789.060        177.890          1.439         45.066         29.941 2026-05-29T04:53:02
   18120   3140635     0.208        793.310        172.890          1.441         44.935         30.170 2026-05-29T04:53:33
   18140   3145412     0.207        829.590        185.460          1.476         44.793         54.562 2026-05-29T04:54:27
   18160   3148758     0.207        800.620        173.930          1.484         44.683         37.533 2026-05-29T04:55:05
   18180   3154527     0.207        835.960        201.450          1.490         44.559         64.321 2026-05-29T04:56:09
   18200   3158142     0.206        845.720        205.700          1.500         44.415         40.248 2026-05-29T04:56:49
   18220   3161274     0.206        843.920        206.390          1.516         44.366         34.622 2026-05-29T04:57:24
   18240   3164879     0.205        810.150        194.670          1.495         44.268         40.541 2026-05-29T04:58:04
   18260   3167939     0.205        848.800        191.810          1.480         44.299         34.394 2026-05-29T04:58:39
   18280   3171212     0.205        817.250        166.850          1.479         44.330         36.757 2026-05-29T04:59:16
   18300   3174541     0.204        814.210        163.990          1.476         44.368         37.572 2026-05-29T04:59:53
   18320   3178659     0.204        844.420        173.850          1.463         44.289         47.805 2026-05-29T05:00:41
   18340   3184406     0.203        862.870        195.270          1.488         44.391         63.838 2026-05-29T05:01:45
   18360   3189179     0.203        837.810        212.400          1.501         44.203         52.987 2026-05-29T05:02:38
   18380   3192251     0.203        837.880        210.390          1.542         44.050         33.174 2026-05-29T05:03:11
   18400   3195768     0.202        846.930        212.270          1.565         43.931         39.943 2026-05-29T05:03:51
   18420   3198988     0.202        826.970        203.290          1.591         43.934         35.472 2026-05-29T05:04:26
   18440   3202029     0.202        802.160        176.230          1.620         43.892         33.202 2026-05-29T05:05:00
   18460   3205064     0.201        830.630        158.850          1.634         44.068         33.516 2026-05-29T05:05:33
   18480   3208028     0.201        843.020        157.770          1.625         44.257         33.890 2026-05-29T05:06:07
   18500   3211184     0.201        831.280        154.160          1.648         44.435         35.885 2026-05-29T05:06:43
   18520   3215229     0.200        863.270        162.410          1.673         44.531         44.331 2026-05-29T05:07:27
   18540   3219106     0.200        898.190        170.770          1.654         44.644         42.855 2026-05-29T05:08:10
   18560   3223068     0.200        901.220        180.040          1.696         44.677         43.419 2026-05-29T05:08:53
   18580   3225983     0.199        884.210        179.550          1.722         44.696         32.288 2026-05-29T05:09:26
   18600   3230087     0.199        936.870        189.030          1.716         44.881         45.610 2026-05-29T05:10:11
   18620   3233355     0.199        897.490        181.260          1.741         45.037         35.893 2026-05-29T05:10:47
   18640   3236185     0.198        837.130        170.790          1.758         45.046         31.210 2026-05-29T05:11:18
   18660   3239774     0.198        839.090        167.060          1.743         45.168         40.868 2026-05-29T05:11:59
   18680   3242779     0.198        848.800        167.960          1.755         45.210         33.657 2026-05-29T05:12:33
   18700   3247940     0.197        812.870        178.530          1.751         45.099         48.773 2026-05-29T05:13:22
   18720   3252181     0.197        847.600        188.260          1.722         45.071         40.408 2026-05-29T05:14:02
   18740   3256850     0.196        909.270        206.650          1.716         45.095         44.269 2026-05-29T05:14:46
   18760   3262043     0.196        940.530        222.690          1.696         45.087         49.814 2026-05-29T05:15:36
   18780   3265388     0.195        958.850        226.090          1.669         45.105         31.867 2026-05-29T05:16:08
   18800   3268756     0.195        939.840        208.160          1.659         45.196         33.805 2026-05-29T05:16:42
   18820   3271734     0.195        899.840        195.530          1.644         45.218         27.121 2026-05-29T05:17:09
   18840   3276168     0.194        890.600        193.180          1.628         45.169         46.277 2026-05-29T05:17:55
   18860   3279254     0.194        856.520        172.110          1.601         45.204         35.059 2026-05-29T05:18:30
   18880   3282633     0.194        835.520        172.450          1.587         45.338         38.124 2026-05-29T05:19:08
   18900   3285839     0.193        833.820        170.830          1.589         45.474         36.474 2026-05-29T05:19:45
   18920   3289148     0.193        833.820        174.140          1.569         45.856         36.728 2026-05-29T05:20:22
   18940   3293535     0.193        831.140        173.670          1.562         46.252         48.460 2026-05-29T05:21:10
   18960   3298536     0.192        830.970        192.820          1.582         46.478         55.917 2026-05-29T05:22:06
   18980   3302632     0.192        847.130        199.990          1.582         46.425         45.421 2026-05-29T05:22:51
   19000   3305383     0.192        847.060        195.440          1.593         46.396         25.516 2026-05-29T05:23:17
   19020   3308254     0.191        819.960        191.060          1.623         46.074         28.344 2026-05-29T05:23:45
   19040   3312020     0.191        805.290        184.850          1.639         45.830         36.671 2026-05-29T05:24:22
   19060   3315963     0.191        799.660        174.270          1.644         45.532         37.902 2026-05-29T05:25:00
   19080   3318656     0.190        762.860        160.240          1.661         45.412         25.189 2026-05-29T05:25:25
   19100   3322939     0.190        787.670        175.560          1.650         45.254         48.233 2026-05-29T05:26:13
   19120   3326007     0.190        807.220        177.530          1.653         45.125         34.367 2026-05-29T05:26:48
   19140   3330008     0.189        820.260        179.880          1.652         44.957         44.708 2026-05-29T05:27:32
   19160   3335573     0.189        845.140        196.100          1.655         44.846         61.075 2026-05-29T05:28:33
   19180   3340357     0.188        901.050        217.010          1.649         44.672         53.506 2026-05-29T05:29:27
   19200   3344662     0.188        936.660        217.230          1.660         44.441         48.586 2026-05-29T05:30:16
   19220   3350285     0.187       1004.380        242.780          1.682         44.163         64.798 2026-05-29T05:31:20
   19240   3354484     0.187        953.560        244.760          1.695         43.856         47.567 2026-05-29T05:32:08
   19260   3360319     0.186        959.990        247.460          1.713         43.550         65.898 2026-05-29T05:33:14
   19280   3364682     0.186        970.190        243.250          1.732         43.276         48.857 2026-05-29T05:34:03
   19300   3368580     0.186        929.670        239.180          1.739         43.080         37.606 2026-05-29T05:34:40
   19320   3373839     0.185        903.450        235.540          1.738         42.845         49.062 2026-05-29T05:35:29
   19340   3377349     0.185        932.150        228.650          1.748         42.650         34.210 2026-05-29T05:36:04
   19360   3383120     0.184        953.920        228.010          1.732         42.385         55.869 2026-05-29T05:36:59
   19380   3387832     0.184        954.300        231.500          1.714         42.108         44.836 2026-05-29T05:37:44
   19400   3392702     0.183        995.140        241.220          1.686         41.721         54.567 2026-05-29T05:38:39
   19420   3397119     0.183        963.410        232.800          1.641         41.460         48.926 2026-05-29T05:39:28
   19440   3402712     0.182        944.320        253.630          1.613         41.191         62.529 2026-05-29T05:40:30
   19460   3407153     0.182        893.010        240.330          1.558         40.780         48.994 2026-05-29T05:41:19
   19480   3410846     0.182        873.130        230.140          1.500         40.490         42.095 2026-05-29T05:42:01
   19500   3414679     0.181        858.350        219.770          1.447         40.253         44.527 2026-05-29T05:42:46
   19520   3418653     0.181        891.520        215.340          1.405         40.098         43.729 2026-05-29T05:43:30
   19540   3422144     0.181        932.950        194.320          1.345         39.956         38.628 2026-05-29T05:44:08
   19560   3425702     0.180        958.470        185.490          1.315         40.260         40.455 2026-05-29T05:44:49
   19580   3429552     0.180        957.840        187.060          1.282         40.409         42.367 2026-05-29T05:45:31
   19600   3433197     0.180        939.410        185.180          1.283         40.688         40.279 2026-05-29T05:46:11
   19620   3437435     0.179        954.760        187.820          1.274         40.922         46.340 2026-05-29T05:46:58
   19640   3440680     0.179        938.320        185.360          1.282         41.337         36.636 2026-05-29T05:47:34
   19660   3445199     0.179        944.060        194.970          1.292         41.530         50.792 2026-05-29T05:48:25
   19680   3448559     0.178        936.100        190.070          1.315         41.948         37.680 2026-05-29T05:49:03
   19700   3452663     0.178        971.690        194.660          1.339         42.303         46.242 2026-05-29T05:49:49
   19720   3457274     0.178        956.170        198.390          1.351         42.722         51.011 2026-05-29T05:50:40
   19740   3461882     0.177       1005.830        212.020          1.358         43.065         50.954 2026-05-29T05:51:31
   19760   3466045     0.177        998.090        208.460          1.366         43.458         46.626 2026-05-29T05:52:18
   19780   3470150     0.176       1032.520        215.910          1.354         43.759         45.336 2026-05-29T05:53:03
   19800   3473443     0.176        979.400        207.800          1.368         44.026         37.569 2026-05-29T05:53:41
   19820   3476451     0.176        937.300        191.770          1.378         44.314         34.123 2026-05-29T05:54:15
   19840   3481702     0.175        922.750        198.200          1.388         44.444         59.031 2026-05-29T05:55:14
   19860   3485544     0.175        934.500        194.990          1.406         44.582         43.748 2026-05-29T05:55:57
   19880   3489245     0.175        925.220        190.950          1.434         44.778         41.331 2026-05-29T05:56:39
   19900   3493382     0.174        945.240        199.390          1.430         45.052         46.061 2026-05-29T05:57:25
   19920   3497302     0.174        983.260        208.510          1.442         45.202         43.728 2026-05-29T05:58:09
   19940   3501676     0.174       1002.470        199.740          1.445         45.581         48.722 2026-05-29T05:58:57
   19960   3506155     0.173       1004.750        206.110          1.470         46.078         50.713 2026-05-29T05:59:48
   19980   3509867     0.173        990.750        206.220          1.475         46.528         42.672 2026-05-29T06:00:31
   20000   3513304     0.173        982.230        199.220          1.477         46.910         38.820 2026-05-29T06:01:10
   20020   3519547     0.172       1001.320        222.450          1.467         47.233         69.241 2026-05-29T06:02:19
   20040   3524365     0.172        971.810        226.890          1.472         47.215         53.188 2026-05-29T06:03:12
   20060   3528787     0.171        959.010        226.320          1.459         46.931         49.156 2026-05-29T06:04:01
   20080   3531771     0.171        942.110        219.040          1.475         46.786         33.475 2026-05-29T06:04:35
   20100   3534823     0.171        922.680        215.190          1.468         46.553         28.597 2026-05-29T06:05:03
   20120   3539945     0.170        909.420        203.980          1.494         46.362         49.593 2026-05-29T06:05:53
   20140   3542805     0.170        870.400        184.400          1.504         46.345         27.777 2026-05-29T06:06:21
   20160   3545984     0.170        840.400        171.970          1.497         46.453         30.636 2026-05-29T06:06:51
   20180   3549819     0.169        843.790        180.480          1.500         46.344         36.737 2026-05-29T06:07:28
   20200   3553086     0.169        825.790        182.630          1.517         46.253         36.612 2026-05-29T06:08:05
   20220   3558369     0.169        826.360        184.240          1.507         46.095         58.442 2026-05-29T06:09:03
   20240   3562125     0.168        834.840        193.200          1.494         45.988         41.827 2026-05-29T06:09:45
   20260   3565248     0.168        826.310        192.640          1.513         45.770         34.748 2026-05-29T06:10:20
   20280   3570552     0.168        829.340        207.330          1.503         45.662         49.520 2026-05-29T06:11:09
   20300   3573752     0.167        860.920        206.660          1.497         45.525         33.489 2026-05-29T06:11:43
   20320   3577084     0.167        827.170        187.150          1.463         45.423         37.349 2026-05-29T06:12:20
   20340   3580325     0.167        830.930        182.000          1.458         45.279         36.717 2026-05-29T06:12:57
   20360   3583466     0.167        836.000        182.180          1.441         45.331         34.923 2026-05-29T06:13:32
   20380   3585982     0.166        794.410        154.300          1.421         45.362         27.971 2026-05-29T06:14:00
   20400   3589148     0.166        785.650        153.960          1.401         45.427         30.641 2026-05-29T06:14:30
   20420   3592695     0.166        806.500        156.110          1.419         45.591         33.486 2026-05-29T06:15:04
   20440   3596380     0.166        837.690        160.550          1.420         45.784         35.040 2026-05-29T06:15:39
   20460   3601011     0.165        895.650        175.450          1.417         45.916         44.174 2026-05-29T06:16:23
   20480   3604140     0.165        918.210        181.580          1.443         45.935         29.938 2026-05-29T06:16:53
   20500   3608009     0.165        941.280        188.610          1.434         46.049         43.464 2026-05-29T06:17:36
   20520   3612110     0.164        949.990        194.150          1.444         46.098         46.313 2026-05-29T06:18:23
   20540   3617452     0.164        927.200        210.720          1.447         46.031         59.618 2026-05-29T06:19:22
   20560   3622887     0.163        872.850        218.760          1.453         45.920         60.420 2026-05-29T06:20:23
   20580   3628854     0.163        937.330        247.140          1.449         45.788         66.203 2026-05-29T06:21:29
   20600   3632226     0.163        915.210        242.170          1.479         45.386         33.139 2026-05-29T06:22:02
   20620   3637089     0.162        881.110        249.790          1.482         44.971         45.753 2026-05-29T06:22:48
   20640   3640000     0.162        859.430        225.480          1.464         44.553         26.628 2026-05-29T06:23:14
   20660   3643904     0.162        895.980        210.170          1.475         44.156         41.900 2026-05-29T06:23:56
   20680   3647814     0.161        860.150        189.600          1.466         43.967         44.381 2026-05-29T06:24:41
   20700   3651335     0.161        863.080        191.090          1.466         43.965         33.008 2026-05-29T06:25:14
   20720   3654721     0.161        886.780        176.320          1.464         44.044         36.052 2026-05-29T06:25:50
   20740   3659147     0.160        932.710        191.470          1.473         44.255         49.251 2026-05-29T06:26:39
   20760   3662527     0.160        905.940        186.230          1.484         44.554         37.779 2026-05-29T06:27:17
   20780   3665781     0.160        889.660        179.670          1.502         44.774         36.677 2026-05-29T06:27:53
   20800   3669436     0.160        920.320        181.010          1.495         45.150         40.335 2026-05-29T06:28:34
   20820   3672230     0.159        880.030        175.090          1.516         45.445         31.118 2026-05-29T06:29:05
   20840   3675487     0.159        850.570        163.400          1.547         45.752         37.828 2026-05-29T06:29:43
   20860   3679403     0.159        852.270        168.760          1.554         45.985         44.355 2026-05-29T06:30:27
   20880   3683051     0.159        879.060        172.700          1.550         46.161         40.736 2026-05-29T06:31:08
   20900   3687482     0.158        889.950        180.460          1.572         46.037         50.459 2026-05-29T06:31:58
   20920   3691825     0.158        915.030        195.950          1.559         45.859         47.672 2026-05-29T06:32:46
   20940   3694948     0.158        912.100        194.610          1.553         45.598         34.363 2026-05-29T06:33:20
   20960   3698379     0.157        902.830        189.760          1.531         45.295         38.251 2026-05-29T06:33:59
   20980   3701276     0.157        867.980        182.250          1.534         45.061         32.083 2026-05-29T06:34:31
   21000   3704166     0.157        807.760        166.840          1.523         44.999         32.221 2026-05-29T06:35:03
   21020   3708206     0.157        840.100        163.810          1.505         45.053         45.466 2026-05-29T06:35:48
   21040   3711924     0.156        853.940        169.760          1.508         45.061         42.097 2026-05-29T06:36:30
   21060   3715332     0.156        866.810        169.530          1.502         45.230         38.025 2026-05-29T06:37:08
   21080   3718883     0.156        898.500        176.070          1.487         45.525         40.518 2026-05-29T06:37:49
   21100   3722894     0.155        942.140        187.280          1.472         45.878         45.132 2026-05-29T06:38:34
   21120   3726775     0.155        920.890        185.690          1.477         46.263         42.532 2026-05-29T06:39:17
   21140   3731294     0.155        946.060        193.700          1.484         46.866         51.105 2026-05-29T06:40:08
   21160   3736059     0.154        930.440        207.270          1.487         47.332         52.998 2026-05-29T06:41:01
   21180   3741044     0.154        974.800        221.610          1.497         47.658         56.603 2026-05-29T06:41:57
   21200   3744113     0.154        952.630        212.190          1.522         47.888         34.940 2026-05-29T06:42:32
   21220   3748465     0.153        989.290        216.900          1.544         48.019         48.306 2026-05-29T06:43:21
   21240   3752400     0.153        962.130        211.060          1.536         48.002         44.752 2026-05-29T06:44:05
   21260   3755644     0.153        972.670        195.850          1.545         47.882         36.310 2026-05-29T06:44:42
   21280   3759335     0.153        930.640        182.910          1.539         47.811         40.834 2026-05-29T06:45:22
   21300   3762761     0.152        944.710        186.480          1.521         47.853         39.414 2026-05-29T06:46:02
   21320   3765220     0.152        868.370        167.550          1.494         47.932         27.400 2026-05-29T06:46:29
   21340   3767750     0.152        829.880        153.500          1.479         48.008         28.368 2026-05-29T06:46:58
   21360   3772285     0.152        842.750        166.410          1.464         48.128         51.460 2026-05-29T06:47:49
   21380   3776297     0.151        842.250        169.620          1.460         48.093         45.217 2026-05-29T06:48:34
   21400   3779971     0.151        840.960        172.100          1.446         48.012         41.369 2026-05-29T06:49:16
   21420   3783806     0.151        905.210        185.860          1.463         47.868         43.589 2026-05-29T06:49:59
   21440   3787085     0.151        932.920        193.350          1.456         47.790         36.454 2026-05-29T06:50:36
   21460   3791825     0.150        971.400        195.400          1.442         47.848         52.799 2026-05-29T06:51:28
   21480   3796084     0.150        962.220        197.870          1.434         47.940         47.685 2026-05-29T06:52:16
   21500   3800220     0.150        973.580        202.490          1.425         47.919         39.712 2026-05-29T06:52:56
   21520   3803924     0.149        968.850        201.180          1.425         48.003         34.991 2026-05-29T06:53:31
   21540   3806951     0.149        971.440        198.660          1.418         48.032         33.224 2026-05-29T06:54:04
   21560   3810828     0.149        962.200        190.030          1.424         48.053         44.373 2026-05-29T06:54:48
   21580   3814805     0.148        989.500        187.210          1.423         48.205         44.415 2026-05-29T06:55:33
   21600   3817766     0.148        950.720        175.460          1.431         48.360         33.818 2026-05-29T06:56:07
   21620   3821790     0.148        954.720        178.660          1.411         48.474         44.664 2026-05-29T06:56:51
   21640   3826699     0.148        944.230        197.480          1.435         48.548         54.978 2026-05-29T06:57:46
   21660   3831333     0.147        916.410        205.050          1.431         48.458         51.589 2026-05-29T06:58:38
   21680   3834522     0.147        878.290        197.170          1.439         48.238         35.648 2026-05-29T06:59:14
   21700   3841534     0.146        911.710        237.680          1.431         48.078         78.697 2026-05-29T07:00:32
   21720   3844651     0.146        869.650        228.610          1.435         47.765         35.006 2026-05-29T07:01:07
   21740   3849397     0.146        871.430        226.980          1.417         47.330         52.920 2026-05-29T07:02:00
   21760   3852553     0.146        846.980        212.200          1.427         46.967         35.269 2026-05-29T07:02:35
   21780   3855368     0.145        821.570        208.460          1.409         46.667         31.492 2026-05-29T07:03:07
   21800   3858745     0.145        829.570        172.110          1.402         46.433         38.285 2026-05-29T07:03:45
   21820   3862164     0.145        859.180        175.130          1.397         46.330         38.079 2026-05-29T07:04:23
   21840   3866281     0.145        915.130        168.840          1.380         46.400         46.091 2026-05-29T07:05:09
   21860   3869402     0.144        914.910        168.490          1.355         46.511         35.976 2026-05-29T07:05:45
   21880   3873032     0.144        973.040        176.640          1.377         46.722         41.471 2026-05-29T07:06:27
   21900   3878511     0.144        965.860        197.660          1.391         46.891         61.458 2026-05-29T07:07:28
   21920   3882206     0.144        966.040        200.420          1.398         47.057         42.110 2026-05-29T07:08:10
   21940   3885132     0.143        916.160        188.510          1.408         47.186         32.912 2026-05-29T07:08:43
   21960   3890396     0.143        958.290        209.940          1.420         47.220         59.092 2026-05-29T07:09:42
   21980   3893328     0.143        918.140        202.960          1.409         47.201         32.743 2026-05-29T07:10:15
   22000   3896997     0.142        909.370        184.860          1.376         47.225         41.413 2026-05-29T07:10:57
   22020   3901163     0.142        938.040        189.570          1.369         47.360         47.696 2026-05-29T07:11:44
   22040   3904726     0.142        959.120        195.940          1.371         47.449         40.293 2026-05-29T07:12:25
   22060   3908390     0.142        932.800        179.940          1.379         47.610         41.775 2026-05-29T07:13:06
   22080   3912789     0.141        953.600        194.610          1.383         47.600         49.937 2026-05-29T07:13:56
   22100   3916971     0.141        990.380        199.740          1.417         47.514         47.419 2026-05-29T07:14:44
   22120   3920426     0.141        930.350        192.630          1.421         47.287         38.511 2026-05-29T07:15:22
   22140   3923360     0.141        891.710        186.340          1.437         47.120         33.231 2026-05-29T07:15:55
   22160   3926886     0.140        895.140        184.960          1.445         46.997         40.333 2026-05-29T07:16:36
   22180   3930640     0.140        887.770        178.510          1.440         47.130         41.397 2026-05-29T07:17:17
   22200   3933608     0.140        829.130        166.370          1.445         47.257         29.537 2026-05-29T07:17:47
   22220   3937235     0.140        867.250        168.090          1.438         47.494         39.559 2026-05-29T07:18:26
   22240   3941719     0.139        963.510        183.590          1.416         47.998         50.106 2026-05-29T07:19:16
   22260   3945318     0.139        986.410        184.320          1.400         48.612         40.619 2026-05-29T07:19:57
   22280   3949601     0.139       1009.620        189.610          1.403         49.100         48.615 2026-05-29T07:20:46
   22300   3953569     0.139       1060.000        199.610          1.402         49.680         37.508 2026-05-29T07:21:23
   22320   3957183     0.138       1059.380        199.480          1.416         50.203         34.529 2026-05-29T07:21:58
   22340   3961464     0.138        999.550        197.450          1.434         50.509         39.842 2026-05-29T07:22:38
   22360   3965284     0.138        960.010        199.660          1.449         50.497         35.838 2026-05-29T07:23:13
   22380   3969017     0.137        967.630        194.160          1.447         50.506         36.435 2026-05-29T07:23:50
   22400   3972710     0.137        950.630        191.410          1.455         50.398         35.399 2026-05-29T07:24:25
   22420   3976387     0.137        956.170        192.040          1.457         50.288         34.662 2026-05-29T07:25:00
   22440   3981078     0.137        953.130        196.140          1.468         50.150         45.063 2026-05-29T07:25:45
   22460   3984985     0.136       1005.570        197.010          1.472         50.184         36.185 2026-05-29T07:26:21
   22480   3988343     0.136        975.220        193.260          1.488         50.262         31.421 2026-05-29T07:26:53
   22500   3993261     0.136        991.320        205.510          1.500         50.325         55.441 2026-05-29T07:27:48
   22520   3998439     0.135       1033.700        220.520          1.496         50.338         58.121 2026-05-29T07:28:46
   22540   4002896     0.135       1067.860        218.180          1.487         50.289         50.664 2026-05-29T07:29:37
   22560   4006659     0.135       1054.380        216.740          1.490         50.283         43.906 2026-05-29T07:30:21
   22580   4010324     0.135       1059.140        219.810          1.480         50.212         41.807 2026-05-29T07:31:02
   22600   4014515     0.134       1045.380        212.540          1.472         50.192         48.529 2026-05-29T07:31:51
   22620   4018271     0.134        996.300        198.320          1.466         50.116         42.257 2026-05-29T07:32:33
   22640   4021293     0.134        938.060        183.970          1.468         50.180         33.440 2026-05-29T07:33:07
   22660   4024971     0.134        915.970        183.120          1.463         50.191         41.652 2026-05-29T07:33:48
   22680   4028427     0.133        910.540        181.030          1.453         50.239         38.823 2026-05-29T07:34:27
   22700   4032043     0.133        890.940        175.280          1.429         50.141         40.610 2026-05-29T07:35:08
   22720   4036347     0.133        859.780        180.760          1.421         50.112         49.123 2026-05-29T07:35:57
   22740   4040206     0.133        909.230        189.130          1.397         49.875         44.157 2026-05-29T07:36:41
   22760   4043883     0.132        927.070        189.120          1.405         49.699         40.767 2026-05-29T07:37:22
   22780   4046166     0.132        879.300        177.390          1.413         49.465         26.227 2026-05-29T07:37:48
   22800   4049245     0.132        871.630        172.020          1.403         49.360         29.243 2026-05-29T07:38:17
   22820   4052167     0.132        859.310        158.200          1.426         49.339         27.824 2026-05-29T07:38:45
   22840   4055675     0.132        848.520        154.690          1.421         49.468         32.801 2026-05-29T07:39:18
   22860   4059136     0.131        845.850        152.530          1.389         49.652         36.898 2026-05-29T07:39:55
   22880   4064206     0.131        931.190        180.400          1.374         49.793         56.818 2026-05-29T07:40:52
   22900   4068287     0.131        950.480        190.420          1.388         50.001         46.140 2026-05-29T07:41:38
   22920   4073752     0.130        993.200        215.850          1.369         50.086         62.262 2026-05-29T07:42:40
   22940   4078622     0.130        958.980        229.470          1.376         49.824         53.327 2026-05-29T07:43:33
   22960   4082272     0.130        955.300        231.360          1.388         49.518         41.577 2026-05-29T07:44:15
   22980   4085344     0.130        906.500        211.380          1.411         49.188         33.993 2026-05-29T07:44:49
   23000   4090312     0.129        964.730        220.250          1.388         48.860         55.465 2026-05-29T07:45:44
   23020   4094438     0.129        970.230        206.860          1.388         48.662         45.626 2026-05-29T07:46:30
   23040   4098398     0.129       1013.910        197.760          1.369         48.842         44.213 2026-05-29T07:47:14
   23060   4101959     0.129       1008.090        196.870          1.357         48.939         40.756 2026-05-29T07:47:55
   23080   4106161     0.128       1056.300        208.170          1.345         49.192         48.822 2026-05-29T07:48:44
   23100   4110236     0.128       1014.000        199.240          1.358         49.295         38.677 2026-05-29T07:49:22
   23120   4114467     0.128       1013.500        200.290          1.370         49.354         48.302 2026-05-29T07:50:11
   23140   4117867     0.128        993.930        194.690          1.368         49.439         38.263 2026-05-29T07:50:49
   23160   4123063     0.127       1048.670        211.040          1.382         49.463         58.125 2026-05-29T07:51:47
   23180   4126799     0.127       1034.870        206.380          1.381         49.424         42.319 2026-05-29T07:52:29
   23200   4130136     0.127       1008.050        199.000          1.387         49.552         31.927 2026-05-29T07:53:01
   23220   4133087     0.127        972.080        186.200          1.391         49.609         30.571 2026-05-29T07:53:32
   23240   4137843     0.126       1007.860        199.760          1.405         49.692         54.785 2026-05-29T07:54:27
   23260   4141923     0.126        981.620        188.600          1.403         49.781         45.426 2026-05-29T07:55:12
   23280   4145176     0.126        964.030        183.770          1.421         49.797         37.737 2026-05-29T07:55:50
   23300   4150170     0.126        988.840        200.340          1.412         49.712         56.178 2026-05-29T07:56:46
   23320   4153391     0.125        978.580        203.040          1.411         49.627         35.746 2026-05-29T07:57:22
   23340   4156706     0.125        916.330        188.630          1.405         49.375         37.665 2026-05-29T07:58:00
   23360   4159756     0.125        858.050        178.330          1.397         49.179         34.291 2026-05-29T07:58:34
   23380   4162882     0.125        850.830        177.060          1.382         49.115         34.989 2026-05-29T07:59:09
   23400   4165871     0.125        808.170        157.010          1.385         49.193         33.419 2026-05-29T07:59:42
   23420   4169108     0.124        836.030        157.170          1.367         49.261         37.188 2026-05-29T08:00:19
   23440   4171750     0.124        820.850        150.440          1.390         49.431         30.844 2026-05-29T08:00:50
   23460   4175063     0.124        833.420        153.070          1.396         49.920         37.218 2026-05-29T08:01:27
   23480   4180234     0.124        856.640        173.520          1.392         50.342         58.303 2026-05-29T08:02:26
   23500   4183666     0.123        871.700        177.950          1.391         50.577         37.293 2026-05-29T08:03:03
   23520   4187003     0.123        874.160        178.950          1.395         50.857         37.753 2026-05-29T08:03:41
   23540   4189972     0.123        878.740        182.220          1.360         51.107         33.516 2026-05-29T08:04:14
   23560   4193304     0.123        881.740        182.410          1.368         51.111         37.762 2026-05-29T08:04:52
   23580   4198895     0.123        894.840        186.610          1.355         51.079         63.701 2026-05-29T08:05:56
   23600   4203055     0.122        946.150        193.890          1.353         50.945         48.172 2026-05-29T08:06:44
   23620   4207017     0.122        970.580        200.140          1.348         50.864         44.776 2026-05-29T08:07:29
   23640   4210341     0.122        995.480        203.690          1.367         50.843         37.534 2026-05-29T08:08:06
   23660   4213699     0.122       1000.440        203.950          1.360         50.735         38.059 2026-05-29T08:08:44
   23680   4217170     0.121        984.080        182.750          1.362         50.672         38.484 2026-05-29T08:09:23
   23700   4223584     0.121       1018.270        205.290          1.368         50.742         72.665 2026-05-29T08:10:35
   23720   4228167     0.121       1031.970        211.500          1.366         50.706         52.335 2026-05-29T08:11:28
   23740   4233415     0.120       1050.770        230.740          1.363         50.460         60.168 2026-05-29T08:12:28
   23760   4236264     0.120       1036.360        225.650          1.363         50.192         32.577 2026-05-29T08:13:01
   23780   4242528     0.120       1052.900        253.580          1.355         49.870         71.019 2026-05-29T08:14:12
   23800   4245921     0.120        979.330        223.370          1.358         49.530         39.145 2026-05-29T08:14:51
   23820   4250092     0.119        957.270        219.250          1.358         49.255         46.968 2026-05-29T08:15:38
   23840   4253133     0.119        929.440        197.180          1.394         49.174         35.022 2026-05-29T08:16:13
   23860   4256509     0.119        947.430        202.450          1.383         49.222         38.104 2026-05-29T08:16:51
   23880   4260059     0.119        912.830        175.310          1.396         49.216         39.729 2026-05-29T08:17:31
   23900   4263485     0.119        897.430        175.640          1.431         49.245         39.218 2026-05-29T08:18:10
   23920   4266015     0.118        829.100        159.230          1.436         49.155         29.016 2026-05-29T08:18:39
   23940   4269671     0.118        851.610        165.380          1.403         49.015         40.577 2026-05-29T08:19:19
   23960   4273607     0.118        879.210        170.980          1.418         48.783         45.421 2026-05-29T08:20:05
   23980   4277146     0.118        897.680        170.870          1.426         48.719         39.939 2026-05-29T08:20:45
   24000   4280732     0.118        906.620        172.470          1.406         48.707         40.528 2026-05-29T08:21:25
   24020   4284141     0.117        957.020        181.260          1.406         48.876         38.626 2026-05-29T08:22:04
   24040   4287244     0.117        942.570        175.730          1.407         49.063         34.646 2026-05-29T08:22:39
   24060   4292138     0.117        970.470        185.310          1.391         49.165         54.405 2026-05-29T08:23:33
   24080   4295435     0.117        965.870        182.890          1.367         49.248         38.088 2026-05-29T08:24:11
   24100   4298819     0.117        965.280        180.870          1.338         49.563         39.566 2026-05-29T08:24:51
   24120   4303568     0.116        943.040        194.270          1.335         49.673         54.174 2026-05-29T08:25:45
   24140   4307299     0.116        968.900        200.550          1.329         49.651         42.243 2026-05-29T08:26:27
   24160   4311082     0.116        952.460        189.440          1.328         49.750         42.808 2026-05-29T08:27:10
   24180   4314287     0.116        947.780        188.520          1.346         49.891         37.047 2026-05-29T08:27:47
   24200   4317748     0.115        956.950        189.290          1.343         49.772         38.524 2026-05-29T08:28:25
   24220   4323978     0.115       1037.030        204.100          1.339         49.788         71.124 2026-05-29T08:29:37
   24240   4329160     0.115       1110.790        218.610          1.333         49.879         60.800 2026-05-29T08:30:37
   24260   4333278     0.115       1112.950        221.960          1.331         50.120         46.131 2026-05-29T08:31:23
   24280   4336138     0.114       1090.060        218.510          1.324         50.269         32.704 2026-05-29T08:31:56
   24300   4339356     0.114       1083.490        216.080          1.331         50.406         33.655 2026-05-29T08:32:30
   24320   4342683     0.114       1031.950        187.050          1.335         50.754         36.609 2026-05-29T08:33:06
   24340   4346116     0.114        951.510        169.560          1.339         51.203         40.255 2026-05-29T08:33:47
   24360   4349782     0.114        922.640        165.040          1.328         51.495         39.128 2026-05-29T08:34:26
   24380   4353072     0.113        943.020        169.340          1.340         51.841         32.055 2026-05-29T08:34:58
   24400   4358413     0.113       1022.280        190.570          1.331         52.127         53.738 2026-05-29T08:35:52
   24420   4361735     0.113       1015.720        190.520          1.307         52.281         33.071 2026-05-29T08:36:25
   24440   4366063     0.113       1076.230        199.470          1.297         52.364         43.053 2026-05-29T08:37:08
   24460   4369380     0.113       1068.290        195.980          1.297         52.472         33.163 2026-05-29T08:37:41
   24480   4373235     0.112       1081.230        201.630          1.271         52.494         38.993 2026-05-29T08:38:20
   24500   4377259     0.112       1013.550        188.460          1.269         52.504         40.490 2026-05-29T08:39:00
   24520   4381156     0.112       1014.370        194.210          1.283         52.431         40.458 2026-05-29T08:39:41
   24540   4384835     0.112        950.030        187.720          1.312         52.266         37.817 2026-05-29T08:40:19
   24560   4387917     0.111        939.190        185.370          1.314         52.195         30.644 2026-05-29T08:40:49
   24580   4392071     0.111        937.190        188.360          1.321         52.134         41.469 2026-05-29T08:41:31
   24600   4398010     0.111        955.600        207.510          1.345         51.975         60.432 2026-05-29T08:42:31
   24620   4400905     0.111        925.350        197.490          1.350         51.774         28.533 2026-05-29T08:43:00
   24640   4404462     0.111        923.890        196.270          1.355         51.796         36.288 2026-05-29T08:43:36
   24660   4408279     0.110        952.290        203.620          1.364         51.667         37.792 2026-05-29T08:44:14
   24680   4411569     0.110        941.720        194.980          1.385         51.589         34.023 2026-05-29T08:44:48
   24700   4415325     0.110        930.570        173.150          1.381         51.587         42.976 2026-05-29T08:45:31
   24720   4418653     0.110        952.430        177.480          1.385         51.729         38.323 2026-05-29T08:46:09
   24740   4422433     0.110        986.820        179.710          1.380         51.660         43.092 2026-05-29T08:46:52
   24760   4425806     0.109        962.290        175.270          1.391         51.819         38.527 2026-05-29T08:47:31
   24780   4431988     0.109        952.990        204.190          1.392         51.819         71.782 2026-05-29T08:48:43
   24800   4436176     0.109        933.400        208.510          1.382         51.649         48.702 2026-05-29T08:49:31
   24820   4441162     0.109        984.190        225.090          1.389         51.281         57.086 2026-05-29T08:50:28
   24840   4444415     0.108        944.210        219.820          1.385         50.939         36.669 2026-05-29T08:51:05
   24860   4448091     0.108        958.300        222.850          1.383         50.386         42.358 2026-05-29T08:51:47
   24880   4452297     0.108       1017.470        203.090          1.369         50.038         48.120 2026-05-29T08:52:35
   24900   4455490     0.108       1008.680        193.140          1.380         49.892         35.826 2026-05-29T08:53:11
   24920   4460137     0.108       1007.410        189.750          1.374         49.915         54.427 2026-05-29T08:54:06
   24940   4464151     0.107       1026.040        197.360          1.380         49.983         46.246 2026-05-29T08:54:52
   24960   4469663     0.107       1050.270        215.720          1.375         49.867         62.775 2026-05-29T08:55:55
   24980   4473163     0.107        990.180        208.660          1.398         49.590         39.665 2026-05-29T08:56:34
   25000   4476765     0.107       1014.590        212.750          1.397         49.462         39.108 2026-05-29T08:57:13
   25020   4480975     0.106       1004.570        208.380          1.400         49.309         48.696 2026-05-29T08:58:02
   25040   4484763     0.106        992.840        206.120          1.390         49.182         42.541 2026-05-29T08:58:45
   25060   4488923     0.106       1014.390        192.600          1.394         49.244         46.984 2026-05-29T08:59:32
   25080   4492763     0.106       1067.650        196.000          1.375         49.435         44.823 2026-05-29T09:00:17
   25100   4496777     0.106       1086.100        200.120          1.365         49.725         45.517 2026-05-29T09:01:02
   25120   4500344     0.105       1079.830        193.690          1.345         49.993         41.145 2026-05-29T09:01:43
   25140   4504350     0.105       1107.450        195.870          1.354         50.275         45.700 2026-05-29T09:02:29
   25160   4510000     0.105       1074.740        210.770          1.343         50.499         62.845 2026-05-29T09:03:32
   25180   4513587     0.105       1041.830        208.240          1.361         50.598         40.885 2026-05-29T09:04:13
   25200   4517094     0.105       1009.210        203.170          1.355         50.494         36.713 2026-05-29T09:04:49
   25220   4523205     0.104       1011.550        228.610          1.370         50.139         63.511 2026-05-29T09:05:53
   25240   4527654     0.104       1024.190        233.040          1.347         49.680         46.701 2026-05-29T09:06:40
   25260   4530966     0.104       1004.800        209.660          1.354         49.403         34.300 2026-05-29T09:07:14
   25280   4536147     0.104       1066.830        225.600          1.323         49.370         54.492 2026-05-29T09:08:08
   25300   4539669     0.103       1076.830        225.750          1.313         49.433         37.456 2026-05-29T09:08:46
   25320   4542842     0.103       1038.280        196.370          1.301         49.768         32.969 2026-05-29T09:09:19
   25340   4546434     0.103        984.420        187.800          1.304         50.215         37.479 2026-05-29T09:09:56
   25360   4550546     0.103       1017.270        195.800          1.296         50.455         42.416 2026-05-29T09:10:39
   25380   4554676     0.103        971.280        185.290          1.295         50.559         43.010 2026-05-29T09:11:22
   25400   4559017     0.102       1016.530        193.480          1.286         50.629         46.242 2026-05-29T09:12:08
   25420   4563807     0.102       1049.990        209.650          1.300         50.597         49.709 2026-05-29T09:12:58
   25440   4568128     0.102       1105.440        216.940          1.300         50.566         45.874 2026-05-29T09:13:43
   25460   4571826     0.102       1081.370        212.800          1.317         50.766         39.092 2026-05-29T09:14:23
   25480   4576998     0.101       1105.540        223.220          1.317         50.892         54.957 2026-05-29T09:15:18
   25500   4581518     0.101       1049.340        225.010          1.355         50.845         47.972 2026-05-29T09:16:06
   25520   4585408     0.101       1051.650        216.010          1.354         50.855         40.300 2026-05-29T09:16:46
   25540   4588714     0.101        998.980        205.860          1.354         50.847         34.169 2026-05-29T09:17:20
   25560   4592747     0.101       1010.650        209.210          1.351         50.681         42.049 2026-05-29T09:18:02
   25580   4596440     0.100        973.170        194.420          1.356         50.491         38.580 2026-05-29T09:18:41
   25600   4602331     0.100       1016.910        208.130          1.363         50.291         61.997 2026-05-29T09:19:43
   25620   4605425     0.100        986.520        200.170          1.376         50.011         32.671 2026-05-29T09:20:15
   25640   4609598     0.100       1029.400        208.840          1.405         49.862         43.839 2026-05-29T09:20:59
   25660   4613329     0.100       1013.800        205.820          1.433         49.817         39.705 2026-05-29T09:21:39
   25680   4618621     0.100       1084.700        221.810          1.438         49.861         55.481 2026-05-29T09:22:34
   25700   4621712     0.100       1027.730        193.810          1.430         50.187         32.712 2026-05-29T09:23:07
   25720   4625642     0.100       1041.150        202.170          1.433         50.590         41.412 2026-05-29T09:23:48
   25740   4629754     0.100       1055.790        201.560          1.420         50.833         43.623 2026-05-29T09:24:32
   25760   4633771     0.100       1073.560        204.420          1.413         50.967         42.898 2026-05-29T09:25:15
   25780   4638606     0.100       1025.060        199.850          1.417         51.011         51.425 2026-05-29T09:26:06
   25800   4642915     0.100       1067.300        212.030          1.408         50.915         46.574 2026-05-29T09:26:53
   25820   4648369     0.100       1144.110        227.270          1.378         50.786         58.001 2026-05-29T09:27:51
   25840   4652547     0.100       1131.420        227.930          1.370         50.650         44.134 2026-05-29T09:28:35
   25860   4656459     0.100       1129.850        226.880          1.343         50.536         41.958 2026-05-29T09:29:17
   25880   4660537     0.100       1129.210        219.310          1.331         50.508         43.950 2026-05-29T09:30:01
   25900   4666910     0.100       1186.060        239.950          1.317         50.530         66.616 2026-05-29T09:31:08
   25920   4670657     0.100       1144.680        222.880          1.303         50.598         39.129 2026-05-29T09:31:47
   25940   4674724     0.100       1129.230        221.770          1.282         50.588         41.913 2026-05-29T09:32:29
   25960   4679099     0.100       1168.820        226.400          1.261         50.703         45.306 2026-05-29T09:33:14
   25980   4682609     0.100       1131.790        220.720          1.267         50.930         36.640 2026-05-29T09:33:51
   26000   4686401     0.100       1078.400        194.910          1.262         51.149         38.436 2026-05-29T09:34:29
   26020   4693067     0.100       1043.790        224.100          1.270         51.100         66.561 2026-05-29T09:35:36
   26040   4697241     0.100       1065.340        225.170          1.273         51.092         42.362 2026-05-29T09:36:18
   26060   4702588     0.100       1022.740        234.890          1.269         51.115         53.586 2026-05-29T09:37:12
   26080   4707476     0.100       1054.330        248.670          1.259         50.756         48.668 2026-05-29T09:38:00
   26100   4712014     0.100       1077.190        256.130          1.253         50.378         46.146 2026-05-29T09:38:46
   26120   4715885     0.100       1100.290        228.180          1.230         50.295         39.043 2026-05-29T09:39:25
   26140   4719344     0.100       1048.370        221.030          1.217         50.249         35.302 2026-05-29T09:40:01
   26160   4723165     0.100       1061.300        205.770          1.235         50.008         39.063 2026-05-29T09:40:40
   26180   4726937     0.100       1058.070        194.610          1.206         50.058         38.257 2026-05-29T09:41:18
   26200   4730838     0.100       1029.050        188.240          1.195         50.069         43.150 2026-05-29T09:42:01
   26220   4736269     0.100       1014.250        203.840          1.201         49.970         57.348 2026-05-29T09:42:59
   26240   4739785     0.100       1025.690        204.410          1.187         49.870         37.388 2026-05-29T09:43:36
   26260   4743977     0.100       1019.920        208.120          1.167         49.728         44.199 2026-05-29T09:44:20
   26280   4750506     0.100        998.200        235.690          1.163         49.265         68.156 2026-05-29T09:45:28
   26300   4754048     0.100        967.050        232.100          1.158         48.781         38.288 2026-05-29T09:46:07
   26320   4759429     0.100       1001.770        231.600          1.136         48.501         57.932 2026-05-29T09:47:04
   26340   4764197     0.100       1070.940        244.120          1.138         48.057         51.521 2026-05-29T09:47:56
   26360   4768072     0.100       1080.620        240.950          1.119         47.858         42.509 2026-05-29T09:48:39
   26380   4771360     0.100       1059.380        208.540          1.124         47.855         34.561 2026-05-29T09:49:13
   26400   4775076     0.100       1090.270        210.280          1.115         47.907         39.683 2026-05-29T09:49:53
   26420   4778583     0.100       1058.570        191.540          1.131         47.851         36.811 2026-05-29T09:50:30
   26440   4783041     0.100       1003.440        188.440          1.134         47.995         46.649 2026-05-29T09:51:16
   26460   4786245     0.100        960.400        181.730          1.131         47.963         34.063 2026-05-29T09:51:50
   26480   4789767     0.100        994.240        184.070          1.116         48.029         37.264 2026-05-29T09:52:28
   26500   4793361     0.100        994.470        182.850          1.133         48.426         37.534 2026-05-29T09:53:05
   26520   4795872     0.100        928.280        172.890          1.121         48.777         27.021 2026-05-29T09:53:32
   26540   4800131     0.100        939.480        170.900          1.113         49.077         45.824 2026-05-29T09:54:18
   26560   4802843     0.100        905.130        165.980          1.156         49.472         28.855 2026-05-29T09:54:47
   26580   4806790     0.100        916.970        170.230          1.161         50.041         41.293 2026-05-29T09:55:28
   26600   4811025     0.100        927.830        176.640          1.154         50.279         45.005 2026-05-29T09:56:13
   26620   4814521     0.100        987.930        186.490          1.159         50.582         36.784 2026-05-29T09:56:50
   26640   4819815     0.100        983.890        196.840          1.154         50.879         55.293 2026-05-29T09:57:45
   26660   4822824     0.100        997.630        199.810          1.110         51.095         31.468 2026-05-29T09:58:17
   26680   4828228     0.100       1013.730        214.380          1.109         50.981         56.908 2026-05-29T09:59:14
   26700   4833770     0.100       1059.720        227.450          1.093         50.744         60.475 2026-05-29T10:00:14
   26720   4837945     0.100       1101.220        234.240          1.089         50.558         44.845 2026-05-29T10:00:59
   26740   4843082     0.100       1150.960        232.670          1.110         50.399         53.860 2026-05-29T10:01:53
   26760   4847853     0.100       1259.980        250.290          1.119         50.426         50.086 2026-05-29T10:02:43
   26780   4851828     0.100       1255.630        236.000          1.128         50.810         37.923 2026-05-29T10:03:21
   26800   4855381     0.100       1191.030        216.110          1.140         51.296         35.263 2026-05-29T10:03:56
   26820   4858813     0.100       1160.350        208.680          1.129         51.706         32.807 2026-05-29T10:04:29
   26840   4864046     0.100       1086.430        209.640          1.145         52.156         49.169 2026-05-29T10:05:18
   26860   4868003     0.100       1035.500        201.500          1.145         52.397         39.262 2026-05-29T10:05:57
   26880   4871713     0.100       1012.410        198.850          1.174         52.373         36.480 2026-05-29T10:06:34
   26900   4875335     0.100       1028.800        199.540          1.187         52.479         42.624 2026-05-29T10:07:16
   26920   4878955     0.100       1023.720        201.420          1.198         52.509         42.047 2026-05-29T10:07:58
   26940   4884239     0.100       1104.520        201.930          1.189         52.456         59.741 2026-05-29T10:08:58
   26960   4889288     0.100       1072.940        212.850          1.176         52.307         57.346 2026-05-29T10:09:55
   26980   4892509     0.100       1051.920        207.960          1.167         52.173         36.224 2026-05-29T10:10:32
   27000   4896683     0.100       1063.790        213.480          1.156         51.896         45.199 2026-05-29T10:11:17
   27020   4900299     0.100       1065.510        213.440          1.149         51.725         41.166 2026-05-29T10:11:58
   27040   4904389     0.100       1012.050        201.500          1.140         51.596         46.390 2026-05-29T10:12:44
   27060   4908059     0.100       1014.870        187.710          1.145         51.608         41.284 2026-05-29T10:13:26
   27080   4914720     0.100       1009.040        222.110          1.117         51.454         75.661 2026-05-29T10:14:41
   27100   4920547     0.100       1015.670        238.640          1.102         51.134         66.315 2026-05-29T10:15:48
   27120   4925686     0.100       1062.110        253.870          1.107         50.775         58.746 2026-05-29T10:16:46
   27140   4931316     0.100       1084.790        269.270          1.086         50.477         64.532 2026-05-29T10:17:51
   27160   4935240     0.100       1121.280        271.810          1.080         50.136         45.825 2026-05-29T10:18:37
   27180   4938907     0.100       1163.400        241.870          1.073         50.039         41.314 2026-05-29T10:19:18
   27200   4942575     0.100       1141.420        220.280          1.066         50.226         42.278 2026-05-29T10:20:00
   27220   4945874     0.100       1081.520        201.880          1.049         50.493         37.617 2026-05-29T10:20:38
   27240   4954204     0.100       1088.390        228.880          1.046         50.339         91.502 2026-05-29T10:22:10
   27260   4958185     0.100       1088.970        229.450          1.039         49.963         44.832 2026-05-29T10:22:54
   27280   4961715     0.100       1061.380        228.080          1.036         49.615         39.633 2026-05-29T10:23:34
   27300   4965790     0.100       1053.770        232.150          1.047         49.338         46.487 2026-05-29T10:24:20
   27320   4969747     0.100       1072.730        238.730          1.060         48.944         45.272 2026-05-29T10:25:06
   27340   4973877     0.100       1011.930        196.730          1.086         48.797         46.994 2026-05-29T10:25:53
   27360   4977048     0.100        962.990        188.630          1.088         48.921         35.388 2026-05-29T10:26:28
   27380   4981155     0.100       1009.840        194.400          1.101         48.848         45.628 2026-05-29T10:27:14
   27400   4984378     0.100        980.070        185.880          1.098         48.699         37.656 2026-05-29T10:27:51
   27420   4988618     0.100       1009.910        188.710          1.109         48.746         48.015 2026-05-29T10:28:39
   27440   4993315     0.100       1069.640        194.380          1.098         49.038         53.589 2026-05-29T10:29:33
   27460   4997362     0.100       1119.260        203.140          1.101         49.217         47.516 2026-05-29T10:30:21
   27480   5001537     0.100       1101.760        203.820          1.102         49.494         47.796 2026-05-29T10:31:08
   27500   5006164     0.100       1188.200        217.860          1.104         49.695         53.230 2026-05-29T10:32:02
   27520   5010060     0.100       1141.520        214.420          1.087         49.799         44.478 2026-05-29T10:32:46
   27540   5016147     0.100       1132.100        228.320          1.092         49.944         68.574 2026-05-29T10:33:55
   27560   5019825     0.100       1109.330        224.630          1.096         50.250         41.899 2026-05-29T10:34:37
   27580   5023777     0.100       1077.310        222.400          1.100         50.602         44.488 2026-05-29T10:35:21
   27600   5027451     0.100        989.580        212.870          1.113         50.877         43.137 2026-05-29T10:36:04
   27620   5032130     0.100        992.470        220.700          1.139         51.097         53.997 2026-05-29T10:36:58
   27640   5035725     0.100        938.880        195.780          1.162         51.196         41.613 2026-05-29T10:37:40
   27660   5039658     0.100        937.800        198.330          1.180         51.155         44.367 2026-05-29T10:38:24
   27680   5042906     0.100        929.550        191.290          1.218         51.065         36.050 2026-05-29T10:39:00
   27700   5046565     0.100        921.960        191.140          1.256         50.915         41.801 2026-05-29T10:39:42
   27720   5049697     0.100        912.710        175.670          1.272         50.871         34.755 2026-05-29T10:40:17
   27740   5054129     0.100        964.310        184.040          1.288         51.082         50.523 2026-05-29T10:41:07
   27760   5059822     0.100        948.430        201.640          1.316         51.327         65.104 2026-05-29T10:42:12
   27780   5063788     0.100        991.220        208.820          1.323         51.398         44.972 2026-05-29T10:42:57
   27800   5067916     0.100       1058.710        213.510          1.314         51.658         46.925 2026-05-29T10:43:44
   27820   5072608     0.100       1133.280        229.110          1.311         51.909         53.434 2026-05-29T10:44:38
   27840   5076659     0.100       1126.860        225.300          1.290         51.907         45.277 2026-05-29T10:45:23
   27860   5080959     0.100       1175.640        211.370          1.274         51.876         48.646 2026-05-29T10:46:12
   27880   5085580     0.100       1166.260        217.920          1.259         52.011         52.538 2026-05-29T10:47:04
   27900   5091012     0.100       1129.180        230.960          1.248         52.007         62.304 2026-05-29T10:48:06
   27920   5095139     0.100       1095.240        225.310          1.248         51.711         48.053 2026-05-29T10:48:54
   27940   5098770     0.100       1081.030        221.110          1.245         51.399         41.602 2026-05-29T10:49:36
   27960   5102919     0.100       1089.600        219.600          1.238         51.113         47.278 2026-05-29T10:50:23
   27980   5107242     0.100       1100.970        216.620          1.220         50.827         48.404 2026-05-29T10:51:12
   28000   5110290     0.100       1083.070        192.780          1.195         50.534         35.550 2026-05-29T10:51:47
   28020   5115780     0.100       1058.800        206.410          1.183         50.573         61.510 2026-05-29T10:52:49
   28040   5120310     0.100       1068.890        215.400          1.173         50.490         51.408 2026-05-29T10:53:40
   28060   5123892     0.100       1027.040        209.730          1.172         50.500         41.532 2026-05-29T10:54:22
   28080   5127620     0.100       1012.560        203.780          1.167         50.607         42.240 2026-05-29T10:55:04
   28100   5131417     0.100       1037.780        211.270          1.167         50.830         43.273 2026-05-29T10:55:47
   28120   5135759     0.100       1075.410        199.790          1.167         50.997         49.291 2026-05-29T10:56:37
   28140   5138971     0.100       1033.870        186.610          1.169         51.327         35.728 2026-05-29T10:57:12
   28160   5144829     0.100       1030.470        209.370          1.159         51.570         65.523 2026-05-29T10:58:18
   28180   5148551     0.100       1025.780        209.310          1.139         51.651         41.785 2026-05-29T10:59:00
   28200   5152741     0.100       1037.480        213.240          1.148         51.694         48.619 2026-05-29T10:59:48
   28220   5157427     0.100       1058.820        216.680          1.127         51.683         54.373 2026-05-29T11:00:43
   28240   5161128     0.100       1076.600        221.570          1.122         51.815         41.655 2026-05-29T11:01:24
   28260   5166649     0.100       1125.330        218.200          1.134         51.871         62.115 2026-05-29T11:02:26
   28280   5170801     0.100       1140.830        222.500          1.161         51.948         46.317 2026-05-29T11:03:13
   28300   5174843     0.100       1126.940        221.020          1.173         52.018         46.182 2026-05-29T11:03:59
   28320   5178462     0.100       1047.950        210.350          1.173         52.051         40.503 2026-05-29T11:04:39
   28340   5182244     0.100       1055.280        211.160          1.195         51.827         42.413 2026-05-29T11:05:22
   28360   5185994     0.100       1023.480        193.450          1.196         51.818         42.882 2026-05-29T11:06:05
   28380   5190474     0.100       1045.810        196.730          1.200         51.968         51.443 2026-05-29T11:06:56
   28400   5193674     0.100       1029.180        188.310          1.202         52.314         35.129 2026-05-29T11:07:31
   28420   5197228     0.100       1033.290        187.660          1.219         52.604         39.611 2026-05-29T11:08:11
   28440   5201220     0.100       1043.120        189.760          1.212         52.884         45.380 2026-05-29T11:08:56
   28460   5205696     0.100       1077.290        197.020          1.210         53.060         50.241 2026-05-29T11:09:46
   28480   5209534     0.100       1067.290        190.600          1.215         53.175         43.222 2026-05-29T11:10:30
   28500   5213527     0.100       1037.420        198.530          1.226         53.104         45.001 2026-05-29T11:11:15
   28520   5216944     0.100       1055.030        197.160          1.240         53.159         39.340 2026-05-29T11:11:54
   28540   5220774     0.100       1049.980        195.540          1.247         53.337         45.306 2026-05-29T11:12:39
   28560   5224346     0.100       1007.910        186.500          1.272         53.487         40.482 2026-05-29T11:13:20
   28580   5228374     0.100        993.330        188.400          1.264         53.558         46.002 2026-05-29T11:14:06
   28600   5232128     0.100       1033.280        186.010          1.252         53.679         43.517 2026-05-29T11:14:49
   28620   5235911     0.100       1048.690        189.670          1.256         53.700         42.639 2026-05-29T11:15:32
   28640   5239144     0.100       1016.640        183.700          1.244         53.711         36.983 2026-05-29T11:16:09
   28660   5242763     0.100       1026.520        184.170          1.227         53.816         40.423 2026-05-29T11:16:49
   28680   5246013     0.100        989.900        176.390          1.223         54.054         36.203 2026-05-29T11:17:26
   28700   5249437     0.100        989.380        173.090          1.217         54.332         39.274 2026-05-29T11:18:05
   28720   5253180     0.100        979.900        172.690          1.221         54.707         43.414 2026-05-29T11:18:48
   28740   5257225     0.100       1018.710        180.810          1.229         54.950         45.601 2026-05-29T11:19:34
   28760   5261007     0.100       1003.710        182.440          1.224         55.072         42.965 2026-05-29T11:20:17
   28780   5264907     0.100       1044.380        188.940          1.254         55.172         43.839 2026-05-29T11:21:01
   28800   5268666     0.100       1059.410        192.290          1.276         55.294         41.241 2026-05-29T11:21:42
   28820   5272401     0.100       1055.920        192.210          1.275         55.347         41.905 2026-05-29T11:22:24
   28840   5275754     0.100       1014.850        185.290          1.285         55.473         38.226 2026-05-29T11:23:02
   28860   5280750     0.100        990.680        197.430          1.315         55.538         56.921 2026-05-29T11:23:59
   28880   5284610     0.100        976.200        197.030          1.320         55.447         45.237 2026-05-29T11:24:44
   28900   5288903     0.100        978.340        202.370          1.309         55.247         48.235 2026-05-29T11:25:32
   28920   5292567     0.100        960.210        201.660          1.312         54.940         42.430 2026-05-29T11:26:15
   28940   5296192     0.100        959.770        204.380          1.300         54.594         41.139 2026-05-29T11:26:56
   28960   5300674     0.100        962.800        199.240          1.281         54.354         50.873 2026-05-29T11:27:47
   28980   5306015     0.100       1028.290        214.050          1.271         54.099         59.723 2026-05-29T11:28:47
   29000   5309669     0.100       1015.330        207.660          1.277         53.767         41.785 2026-05-29T11:29:28
   29020   5313318     0.100       1018.470        207.510          1.270         53.593         42.721 2026-05-29T11:30:11
   29040   5317335     0.100       1044.160        211.430          1.293         53.492         47.091 2026-05-29T11:30:58
   29060   5322857     0.100       1124.890        221.830          1.315         53.220         63.245 2026-05-29T11:32:01
   29080   5327442     0.100       1100.930        214.270          1.317         53.077         51.777 2026-05-29T11:32:53
   29100   5331983     0.100       1154.430        223.140          1.332         52.959         51.019 2026-05-29T11:33:44
   29120   5337740     0.100       1204.760        244.220          1.338         52.717         65.069 2026-05-29T11:34:49
   29140   5340867     0.100       1163.700        235.320          1.351         52.322         34.987 2026-05-29T11:35:24
   29160   5344426     0.100       1078.840        215.690          1.356         52.105         40.948 2026-05-29T11:36:05
   29180   5346658     0.100        963.420        192.160          1.360         51.904         26.100 2026-05-29T11:36:31
   29200   5350128     0.100        886.440        181.450          1.343         51.713         39.336 2026-05-29T11:37:11
   29220   5352237     0.100        768.520        144.970          1.370         51.459         24.320 2026-05-29T11:37:35
   29240   5358701     0.100        800.730        178.340          1.335         51.335         72.798 2026-05-29T11:38:48
   29260   5362526     0.100        813.130        181.000          1.313         51.041         43.273 2026-05-29T11:39:31
   29280   5364850     0.100        807.150        181.920          1.301         50.718         26.571 2026-05-29T11:39:58
   29300   5368137     0.100        824.440        180.090          1.277         50.373         37.215 2026-05-29T11:40:35
   29320   5371265     0.100        866.750        190.280          1.259         50.165         35.109 2026-05-29T11:41:10
   29340   5375344     0.100        895.890        166.430          1.274         50.011         47.232 2026-05-29T11:41:57
   29360   5379759     0.100        951.240        172.330          1.267         50.106         51.607 2026-05-29T11:42:49
   29380   5383448     0.100       1041.530        185.980          1.288         50.308         41.687 2026-05-29T11:43:31
   29400   5386928     0.100       1051.090        187.910          1.304         50.562         38.681 2026-05-29T11:44:09
   29420   5389970     0.100       1054.450        187.050          1.278         50.834         34.867 2026-05-29T11:44:44
   29440   5395147     0.100       1029.300        198.030          1.262         51.105         58.520 2026-05-29T11:45:43
   29460   5399498     0.100       1023.950        197.390          1.250         51.192         50.009 2026-05-29T11:46:33
   29480   5402530     0.100        959.180        190.820          1.214         51.282         34.675 2026-05-29T11:47:07
   29500   5406465     0.100        917.450        195.370          1.206         51.361         44.677 2026-05-29T11:47:52
   29520   5410732     0.100        954.970        207.620          1.192         51.279         50.348 2026-05-29T11:48:42
   29540   5415070     0.100       1004.330        199.230          1.194         51.136         49.270 2026-05-29T11:49:32
   29560   5418740     0.100        960.590        192.420          1.185         51.114         41.227 2026-05-29T11:50:13
   29580   5423292     0.100       1048.680        207.620          1.182         51.076         50.666 2026-05-29T11:51:03
   29600   5427965     0.100       1137.650        215.000          1.180         51.072         52.134 2026-05-29T11:51:56
   29620   5431297     0.100       1108.110        205.650          1.188         51.197         37.157 2026-05-29T11:52:33
   29640   5434306     0.100       1026.580        192.360          1.171         51.320         34.022 2026-05-29T11:53:07
   29660   5438326     0.100       1049.870        195.860          1.184         51.604         46.181 2026-05-29T11:53:53
   29680   5441522     0.100        983.420        182.300          1.188         51.738         37.552 2026-05-29T11:54:30
   29700   5445948     0.100        965.400        179.830          1.187         51.921         51.100 2026-05-29T11:55:22
   29720   5450185     0.100       1009.650        188.880          1.202         52.086         49.404 2026-05-29T11:56:11
   29740   5454171     0.100       1078.640        198.650          1.228         52.253         45.137 2026-05-29T11:56:56
   29760   5458821     0.100       1102.160        204.950          1.235         52.404         53.419 2026-05-29T11:57:50
   29780   5462769     0.100       1115.080        212.470          1.264         52.727         44.979 2026-05-29T11:58:35
   29800   5466792     0.100       1102.630        208.440          1.291         52.952         45.311 2026-05-29T11:59:20
   29820   5470922     0.100       1082.310        207.370          1.304         53.196         47.972 2026-05-29T12:00:08
   29840   5476171     0.100       1059.630        220.000          1.304         53.499         60.131 2026-05-29T12:01:08
   29860   5480541     0.100        986.670        217.200          1.287         53.316         50.403 2026-05-29T12:01:58
   29880   5485006     0.100       1036.780        222.370          1.276         52.993         50.538 2026-05-29T12:02:49
   29900   5488901     0.100       1036.030        221.090          1.268         52.622         44.871 2026-05-29T12:03:34
   29920   5492836     0.100       1032.230        219.140          1.263         52.263         44.018 2026-05-29T12:04:18
   29940   5497786     0.100       1059.210        216.150          1.264         51.962         54.684 2026-05-29T12:05:12
   29960   5502248     0.100       1116.630        217.070          1.297         51.927         52.057 2026-05-29T12:06:05
   29980   5507867     0.100       1110.920        228.610          1.290         51.843         63.306 2026-05-29T12:07:08
   29999   5511763     0.100       1121.600        230.410          1.282         51.856         42.709 2026-05-29T12:07:51
