 Episode      Step   Epsilon     MeanReward     MeanLength       MeanLoss     MeanQValue      TimeDelta                Time
       0       366     1.000       1280.000        366.000          0.000          0.000          2.103 2026-05-27T19:39:23
      20      4922     0.999        792.381        234.381          0.000          0.000         27.286 2026-05-27T19:39:51
      40      9877     0.998        720.902        240.902          0.000          0.000         30.582 2026-05-27T19:40:21
      60     14602     0.996        708.639        239.377          0.304          0.860         48.853 2026-05-27T19:41:10
      80     19406     0.995        714.568        239.580          0.332          1.417         52.528 2026-05-27T19:42:02
     100     22789     0.994        675.850        224.230          0.368          2.191         37.413 2026-05-27T19:42:40
     120     28333     0.993        681.890        234.110          0.458          3.375         59.411 2026-05-27T19:43:39
     140     33414     0.992        702.010        235.370          0.557          4.917         49.327 2026-05-27T19:44:29
     160     38189     0.990        716.930        235.870          0.468          6.134         46.120 2026-05-27T19:45:15
     180     42068     0.990        694.620        226.620          0.497          7.519         38.062 2026-05-27T19:45:53
     200     47655     0.988        732.050        248.660          0.506          8.608         54.551 2026-05-27T19:46:47
     220     52320     0.987        703.630        239.870          0.535          9.666         46.123 2026-05-27T19:47:34
     240     57844     0.986        681.570        244.300          0.560         10.582         55.007 2026-05-27T19:48:29
     260     62759     0.984        659.800        245.700          0.599         11.369         40.099 2026-05-27T19:49:09
     280     66851     0.983        670.580        247.830          0.611         12.171         33.877 2026-05-27T19:49:42
     300     71244     0.982        669.430        235.890          0.640         12.975         35.783 2026-05-27T19:50:18
     320     74790     0.981        663.220        224.700          0.668         13.900         28.688 2026-05-27T19:50:47
     340     78444     0.981        649.320        206.000          0.693         14.702         29.587 2026-05-27T19:51:17
     360     84688     0.979        680.070        219.290          0.711         15.548         51.961 2026-05-27T19:52:09
     380     88176     0.978        678.040        213.250          0.742         16.222         28.479 2026-05-27T19:52:37
     400     92535     0.977        651.500        212.910          0.761         16.888         36.193 2026-05-27T19:53:13
     420     97718     0.976        662.350        229.280          0.772         17.444         46.398 2026-05-27T19:54:00
     440    102420     0.975        679.550        239.760          0.778         17.982         39.784 2026-05-27T19:54:39
     460    107344     0.974        650.330        226.560          0.787         18.452         40.165 2026-05-27T19:55:20
     480    112323     0.972        647.840        241.470          0.789         18.886         40.734 2026-05-27T19:56:00
     500    116426     0.971        660.640        238.910          0.807         19.260         33.360 2026-05-27T19:56:34
     520    120468     0.970        642.740        227.500          0.810         19.508         32.386 2026-05-27T19:57:06
     540    123861     0.970        631.760        214.410          0.823         19.810         28.156 2026-05-27T19:57:34
     560    128675     0.968        644.780        213.310          0.831         20.112         39.125 2026-05-27T19:58:13
     580    131874     0.968        622.740        195.510          0.851         20.405         25.833 2026-05-27T19:58:39
     600    135455     0.967        612.700        190.290          0.861         20.748         29.418 2026-05-27T19:59:09
     620    138655     0.966        612.250        181.870          0.878         21.131         27.402 2026-05-27T19:59:36
     640    142400     0.965        600.990        185.390          0.892         21.502         31.713 2026-05-27T20:00:08
     660    145890     0.964        555.570        172.150          0.893         21.923         30.007 2026-05-27T20:00:38
     680    150387     0.963        569.260        185.130          0.904         22.191         37.161 2026-05-27T20:01:15
     700    152910     0.962        540.520        174.550          0.909         22.531         21.555 2026-05-27T20:01:36
     720    157166     0.961        561.100        185.110          0.914         22.943         35.691 2026-05-27T20:02:12
     740    162177     0.960        588.570        197.770          0.937         23.299         40.747 2026-05-27T20:02:53
     760    166779     0.959        619.990        208.890          0.961         23.522         37.721 2026-05-27T20:03:31
     780    170416     0.958        643.310        200.290          0.964         23.882         30.025 2026-05-27T20:04:01
     800    174639     0.957        673.040        217.290          0.976         24.185         35.018 2026-05-27T20:04:36
     820    179065     0.956        676.810        218.990          0.985         24.400         42.196 2026-05-27T20:05:18
     840    183550     0.955        688.840        213.730          0.965         24.594         46.713 2026-05-27T20:06:04
     860    189603     0.954        675.430        228.240          0.972         24.815         61.931 2026-05-27T20:07:06
     880    193680     0.953        637.690        232.640          0.979         25.004         41.791 2026-05-27T20:07:48
     900    197280     0.952        633.230        226.410          0.965         25.134         36.458 2026-05-27T20:08:25
     920    201449     0.951        627.950        223.840          0.963         25.307         42.381 2026-05-27T20:09:07
     940    204830     0.950        606.150        212.800          0.980         25.493         34.071 2026-05-27T20:09:41
     960    209586     0.949        634.950        199.830          0.979         25.775         47.428 2026-05-27T20:10:29
     980    213308     0.948        662.500        196.280          0.991         26.109         37.055 2026-05-27T20:11:06
    1000    216471     0.947        663.710        191.910          1.015         26.347         32.113 2026-05-27T20:11:38
    1020    221170     0.946        654.090        197.210          1.025         26.644         47.517 2026-05-27T20:12:25
    1040    226129     0.945        655.280        212.990          1.018         26.750         49.659 2026-05-27T20:13:15
    1060    231871     0.944        634.280        222.850          1.003         26.656         57.466 2026-05-27T20:14:12
    1080    235753     0.943        617.480        224.450          1.013         26.644         38.760 2026-05-27T20:14:51
    1100    239418     0.942        620.000        229.470          0.992         26.568         37.038 2026-05-27T20:15:28
    1120    242955     0.941        615.770        217.850          0.995         26.462         35.474 2026-05-27T20:16:04
    1140    249609     0.940        633.980        234.800          0.993         26.423         66.194 2026-05-27T20:17:10
    1160    252407     0.939        625.160        205.360          1.003         26.543         28.956 2026-05-27T20:17:39
    1180    256534     0.938        634.180        207.810          0.979         26.592         42.413 2026-05-27T20:18:21
    1200    261687     0.937        660.230        222.690          0.984         26.689         52.440 2026-05-27T20:19:14
    1220    266735     0.935        650.900        237.800          0.968         26.670         51.184 2026-05-27T20:20:05
    1240    269989     0.935        636.210        203.800          0.961         26.630         32.764 2026-05-27T20:20:38
    1260    274486     0.934        669.130        220.790          0.959         26.663         45.415 2026-05-27T20:21:23
    1280    277361     0.933        660.930        208.270          0.956         26.678         29.279 2026-05-27T20:21:52
    1300    282547     0.932        638.980        208.600          0.954         26.650         52.394 2026-05-27T20:22:45
    1320    285956     0.931        644.180        192.210          0.968         26.616         34.345 2026-05-27T20:23:19
    1340    292208     0.930        670.550        222.190          0.974         26.797         64.925 2026-05-27T20:24:24
    1360    295774     0.929        648.780        212.880          0.966         26.877         36.627 2026-05-27T20:25:01
    1380    301383     0.927        694.530        240.220          0.966         26.914         56.904 2026-05-27T20:25:57
    1400    305385     0.926        707.710        228.380          0.963         27.060         40.628 2026-05-27T20:26:38
    1420    309977     0.925        752.110        240.210          0.944         27.151         46.752 2026-05-27T20:27:25
    1440    314252     0.924        714.220        220.440          0.950         27.191         45.511 2026-05-27T20:28:10
    1460    317345     0.924        701.990        215.710          0.943         27.114         32.064 2026-05-27T20:28:42
    1480    320988     0.923        663.540        196.050          0.930         27.187         37.509 2026-05-27T20:29:20
    1500    326812     0.922        685.340        214.270          0.931         27.188         61.675 2026-05-27T20:30:22
    1520    333732     0.920        680.420        237.550          0.941         27.303         72.254 2026-05-27T20:31:34
    1540    337606     0.919        690.270        233.540          0.924         27.430         39.360 2026-05-27T20:32:13
    1560    342121     0.918        707.000        247.760          0.935         27.557         46.017 2026-05-27T20:32:59
    1580    347141     0.917        725.630        261.530          0.954         27.622         51.601 2026-05-27T20:33:51
    1600    349987     0.916        664.150        231.750          0.950         27.767         29.216 2026-05-27T20:34:20
    1620    355043     0.915        659.640        213.110          0.956         27.756         51.960 2026-05-27T20:35:12
    1640    359751     0.914        679.820        221.450          0.968         27.603         50.883 2026-05-27T20:36:03
    1660    364306     0.913        696.470        221.850          0.969         27.738         48.282 2026-05-27T20:36:51
    1680    368763     0.912        694.360        216.220          0.970         27.755         45.609 2026-05-27T20:37:37
    1700    373716     0.911        724.970        237.290          0.993         27.808         50.832 2026-05-27T20:38:28
    1720    377105     0.910        692.010        220.620          0.974         27.909         35.041 2026-05-27T20:39:03
    1740    381109     0.909        664.120        213.580          0.982         28.080         36.308 2026-05-27T20:39:39
    1760    385105     0.908        633.810        207.990          0.979         28.031         36.092 2026-05-27T20:40:15
    1780    389741     0.907        627.480        209.780          0.961         28.039         39.750 2026-05-27T20:40:55
    1800    395238     0.906        629.640        215.220          0.935         27.932         49.455 2026-05-27T20:41:44
    1820    398676     0.905        632.880        215.710          0.946         27.972         30.049 2026-05-27T20:42:14
    1840    402713     0.904        638.290        216.040          0.951         27.996         36.276 2026-05-27T20:42:51
    1860    407539     0.903        660.860        224.340          0.956         28.002         42.176 2026-05-27T20:43:33
    1880    413658     0.902        688.560        239.170          0.980         27.889         54.239 2026-05-27T20:44:27
    1900    418201     0.901        685.860        229.630          0.991         27.731         38.529 2026-05-27T20:45:06
    1920    422263     0.900        695.060        235.870          1.007         27.559         38.892 2026-05-27T20:45:44
    1940    425620     0.899        672.690        229.070          0.977         27.277         34.074 2026-05-27T20:46:19
    1960    429783     0.898        672.470        222.440          0.977         27.206         42.190 2026-05-27T20:47:01
    1980    433899     0.897        649.570        202.410          0.980         27.314         42.290 2026-05-27T20:47:43
    2000    438398     0.896        652.040        201.970          0.983         27.520         46.456 2026-05-27T20:48:29
    2020    441917     0.895        654.290        196.540          0.981         27.597         35.895 2026-05-27T20:49:05
    2040    444816     0.895        664.440        191.960          1.008         27.841         29.835 2026-05-27T20:49:35
    2060    448405     0.894        658.220        186.220          1.028         28.048         36.707 2026-05-27T20:50:12
    2080    453805     0.893        691.510        199.060          1.040         28.170         54.795 2026-05-27T20:51:07
    2100    458940     0.892        710.350        205.420          1.048         28.314         52.805 2026-05-27T20:51:59
    2120    462564     0.891        714.250        206.470          1.061         28.465         36.398 2026-05-27T20:52:36
    2140    465912     0.890        723.400        210.960          1.071         28.678         33.416 2026-05-27T20:53:09
    2160    471629     0.889        740.720        232.240          1.064         28.731         58.304 2026-05-27T20:54:08
    2180    475807     0.888        701.850        220.020          1.078         28.776         42.455 2026-05-27T20:54:50
    2200    479343     0.887        675.890        204.030          1.090         28.849         35.733 2026-05-27T20:55:26
    2220    483499     0.886        678.670        209.350          1.092         29.039         42.319 2026-05-27T20:56:08
    2240    487499     0.885        703.000        215.870          1.103         29.033         40.512 2026-05-27T20:56:49
    2260    490819     0.885        667.770        191.900          1.129         29.172         33.506 2026-05-27T20:57:22
    2280    495260     0.884        649.240        194.530          1.110         29.342         44.961 2026-05-27T20:58:07
    2300    498914     0.883        659.830        195.710          1.119         29.478         36.923 2026-05-27T20:58:44
    2320    503195     0.882        647.800        196.960          1.144         29.544         44.542 2026-05-27T20:59:29
    2340    505982     0.881        597.510        184.830          1.138         29.758         28.629 2026-05-27T20:59:57
    2360    509777     0.880        611.940        189.580          1.136         29.942         39.241 2026-05-27T21:00:36
    2380    513619     0.879        626.940        183.590          1.162         30.122         38.685 2026-05-27T21:01:15
    2400    518703     0.878        640.620        197.890          1.165         30.346         51.830 2026-05-27T21:02:07
    2420    521232     0.878        623.340        180.370          1.158         30.612         25.459 2026-05-27T21:02:32
    2440    526494     0.877        682.830        205.120          1.178         30.783         53.172 2026-05-27T21:03:26
    2460    530020     0.876        670.700        202.430          1.176         30.866         35.526 2026-05-27T21:04:01
    2480    535241     0.875        697.430        216.220          1.193         30.980         51.138 2026-05-27T21:04:52
    2500    540698     0.874        680.610        219.950          1.224         30.919         48.197 2026-05-27T21:05:40
    2520    545572     0.872        720.700        243.400          1.227         30.823         43.001 2026-05-27T21:06:23
    2540    549659     0.872        690.420        231.650          1.233         30.645         34.906 2026-05-27T21:06:58
    2560    554828     0.870        704.550        248.080          1.246         30.532         44.751 2026-05-27T21:07:43
    2580    559236     0.870        674.640        239.950          1.214         30.295         37.837 2026-05-27T21:08:21
    2600    563357     0.869        676.500        226.590          1.183         30.096         35.159 2026-05-27T21:08:56
    2620    568698     0.867        667.220        231.260          1.181         29.918         45.669 2026-05-27T21:09:42
    2640    574152     0.866        685.340        244.930          1.159         29.788         45.928 2026-05-27T21:10:28
    2660    577184     0.866        665.630        223.560          1.153         29.620         25.733 2026-05-27T21:10:53
    2680    580932     0.865        660.010        216.960          1.173         29.408         32.311 2026-05-27T21:11:26
    2700    584618     0.864        651.430        212.610          1.181         29.312         32.522 2026-05-27T21:11:58
    2720    588972     0.863        627.970        202.740          1.165         29.152         39.023 2026-05-27T21:12:37
    2740    593888     0.862        631.230        197.360          1.169         28.989         41.714 2026-05-27T21:13:19
    2760    599166     0.861        650.730        219.820          1.158         28.825         46.357 2026-05-27T21:14:05
    2780    603592     0.860        683.020        226.600          1.139         28.812         39.064 2026-05-27T21:14:44
    2800    607189     0.859        673.270        225.710          1.107         28.696         31.031 2026-05-27T21:15:15
    2820    612238     0.858        711.440        232.660          1.114         28.666         44.173 2026-05-27T21:16:00
    2840    616605     0.857        688.420        227.170          1.086         28.638         37.456 2026-05-27T21:16:37
    2860    621898     0.856        711.610        227.320          1.088         28.593         44.132 2026-05-27T21:17:21
    2880    626194     0.855        677.920        226.020          1.085         28.495         37.593 2026-05-27T21:17:59
    2900    630851     0.854        702.320        236.620          1.104         28.378         40.518 2026-05-27T21:18:39
    2920    635478     0.853        672.860        232.400          1.102         28.228         39.809 2026-05-27T21:19:19
    2940    638758     0.852        682.520        221.530          1.119         28.167         27.945 2026-05-27T21:19:47
    2960    641615     0.852        647.790        197.170          1.108         28.226         24.757 2026-05-27T21:20:12
    2980    646949     0.851        676.780        207.550          1.113         28.288         45.120 2026-05-27T21:20:57
    3000    651110     0.850        663.830        202.590          1.105         28.467         36.133 2026-05-27T21:21:33
    3020    654976     0.849        664.670        194.980          1.093         28.701         33.104 2026-05-27T21:22:06
    3040    658873     0.848        645.170        201.150          1.106         28.942         32.972 2026-05-27T21:22:39
    3060    663023     0.847        651.560        214.080          1.106         29.039         35.117 2026-05-27T21:23:14
    3080    667436     0.846        638.210        204.870          1.096         29.145         38.930 2026-05-27T21:23:53
    3100    671371     0.845        657.340        202.610          1.116         29.382         34.926 2026-05-27T21:24:28
    3120    674732     0.845        640.290        197.560          1.127         29.506         29.350 2026-05-27T21:24:57
    3140    677952     0.844        653.630        190.790          1.121         29.617         27.747 2026-05-27T21:25:25
    3160    682071     0.843        672.800        190.480          1.128         29.845         35.382 2026-05-27T21:26:01
    3180    685827     0.842        667.710        183.910          1.141         30.065         31.960 2026-05-27T21:26:33
    3200    690013     0.842        676.460        186.420          1.131         30.236         35.714 2026-05-27T21:27:08
    3220    694103     0.841        688.660        193.710          1.141         30.425         35.839 2026-05-27T21:27:44
    3240    700207     0.839        707.930        222.550          1.141         30.615         61.998 2026-05-27T21:28:46
    3260    702712     0.839        673.380        206.410          1.172         30.706         25.651 2026-05-27T21:29:12
    3280    705444     0.838        655.450        196.170          1.184         30.851         29.224 2026-05-27T21:29:41
    3300    709176     0.838        634.340        191.630          1.213         30.857         33.596 2026-05-27T21:30:15
    3320    713099     0.837        642.160        189.960          1.210         30.992         34.563 2026-05-27T21:30:49
    3340    716188     0.836        598.720        159.810          1.236         31.094         26.276 2026-05-27T21:31:15
    3360    719413     0.835        610.100        167.010          1.217         31.262         27.221 2026-05-27T21:31:43
    3380    723117     0.835        627.380        176.730          1.225         31.467         31.800 2026-05-27T21:32:14
    3400    728087     0.834        646.750        189.110          1.204         31.705         42.275 2026-05-27T21:32:57
    3420    732374     0.833        649.620        192.750          1.220         31.865         36.526 2026-05-27T21:33:33
    3440    736603     0.832        685.540        204.150          1.222         32.141         36.499 2026-05-27T21:34:10
    3460    739917     0.831        685.830        205.040          1.240         32.370         27.810 2026-05-27T21:34:38
    3480    743245     0.830        674.460        201.280          1.241         32.412         28.302 2026-05-27T21:35:06
    3500    746673     0.830        631.680        185.860          1.245         32.460         30.059 2026-05-27T21:35:36
    3520    751293     0.829        643.210        189.190          1.260         32.513         40.096 2026-05-27T21:36:16
    3540    754579     0.828        634.970        179.760          1.282         32.484         29.278 2026-05-27T21:36:45
    3560    757950     0.827        637.140        180.330          1.291         32.551         28.340 2026-05-27T21:37:14
    3580    762123     0.827        642.570        188.780          1.312         32.739         36.195 2026-05-27T21:37:50
    3600    766965     0.826        676.640        202.920          1.325         32.883         41.688 2026-05-27T21:38:31
    3620    771809     0.825        661.190        205.160          1.292         33.025         40.660 2026-05-27T21:39:12
    3640    778422     0.823        673.260        238.430          1.237         32.948         57.296 2026-05-27T21:40:09
    3660    783046     0.822        711.870        250.960          1.191         32.683         39.979 2026-05-27T21:40:49
    3680    786169     0.822        700.380        240.460          1.120         32.440         26.413 2026-05-27T21:41:16
    3700    789762     0.821        683.360        227.970          1.083         32.095         31.942 2026-05-27T21:41:48
    3720    792571     0.820        671.080        207.620          1.066         31.853         25.011 2026-05-27T21:42:13
    3740    797102     0.819        657.400        186.800          1.054         31.766         39.772 2026-05-27T21:42:53
    3760    801223     0.818        635.000        181.770          1.071         31.938         35.743 2026-05-27T21:43:28
    3780    803801     0.818        621.770        176.320          1.077         32.026         22.436 2026-05-27T21:43:51
    3800    808083     0.817        629.740        183.210          1.084         32.241         37.516 2026-05-27T21:44:28
    3820    812302     0.816        667.350        197.310          1.110         32.333         36.313 2026-05-27T21:45:05
    3840    815800     0.816        653.820        186.980          1.141         32.569         31.001 2026-05-27T21:45:36
    3860    819140     0.815        644.920        179.170          1.129         32.572         29.246 2026-05-27T21:46:05
    3880    824078     0.814        699.260        202.770          1.146         32.563         42.130 2026-05-27T21:46:47
    3900    828286     0.813        692.000        202.030          1.148         32.494         36.863 2026-05-27T21:47:24
    3920    833390     0.812        670.670        210.880          1.135         32.413         45.149 2026-05-27T21:48:09
    3940    836178     0.811        661.750        203.780          1.120         32.332         24.907 2026-05-27T21:48:34
    3960    840409     0.811        667.520        212.690          1.106         32.261         36.324 2026-05-27T21:49:10
    3980    843518     0.810        643.640        194.400          1.111         32.267         27.465 2026-05-27T21:49:38
    4000    847146     0.809        646.660        188.600          1.101         32.359         31.376 2026-05-27T21:50:09
    4020    851799     0.808        665.950        184.090          1.091         32.484         40.342 2026-05-27T21:50:49
    4040    855533     0.807        673.000        193.550          1.108         32.481         32.471 2026-05-27T21:51:22
    4060    859447     0.807        647.960        190.380          1.117         32.460         34.611 2026-05-27T21:51:56
    4080    864409     0.806        657.100        208.910          1.137         32.387         43.059 2026-05-27T21:52:40
    4100    867814     0.805        659.760        206.680          1.165         32.305         28.871 2026-05-27T21:53:08
    4120    871180     0.804        639.670        193.810          1.180         32.210         30.271 2026-05-27T21:53:39
    4140    874174     0.804        647.150        186.410          1.189         32.242         26.259 2026-05-27T21:54:05
    4160    877290     0.803        661.020        178.430          1.207         32.535         27.386 2026-05-27T21:54:32
    4180    882393     0.802        686.090        179.840          1.199         32.930         43.339 2026-05-27T21:55:16
    4200    887365     0.801        698.450        195.510          1.194         33.244         52.176 2026-05-27T21:56:08
    4220    890650     0.800        680.190        194.700          1.213         33.512         28.550 2026-05-27T21:56:36
    4240    893286     0.800        678.140        191.120          1.212         33.709         22.467 2026-05-27T21:56:59
    4260    896211     0.799        674.090        189.210          1.197         33.759         25.075 2026-05-27T21:57:24
    4280    901959     0.798        656.200        195.660          1.191         33.601         49.908 2026-05-27T21:58:14
    4300    905129     0.797        636.430        177.640          1.213         33.580         27.355 2026-05-27T21:58:41
    4320    908929     0.797        671.610        182.790          1.202         33.565         33.835 2026-05-27T21:59:15
    4340    914921     0.796        712.610        216.350          1.189         33.513         54.848 2026-05-27T22:00:10
    4360    919592     0.795        739.870        233.810          1.191         33.235         41.896 2026-05-27T22:00:52
    4380    922468     0.794        696.130        205.090          1.192         33.155         25.759 2026-05-27T22:01:18
    4400    925992     0.793        680.720        208.630          1.156         33.062         31.088 2026-05-27T22:01:49
    4420    931181     0.792        690.240        222.520          1.138         32.973         44.714 2026-05-27T22:02:33
    4440    934530     0.792        671.730        196.090          1.119         32.995         27.967 2026-05-27T22:03:01
    4460    937332     0.791        648.210        177.400          1.102         33.277         23.719 2026-05-27T22:03:25
    4480    941871     0.790        681.860        194.030          1.096         33.444         38.884 2026-05-27T22:04:04
    4500    945163     0.790        683.540        191.710          1.103         33.522         27.979 2026-05-27T22:04:32
    4520    949439     0.789        660.780        182.580          1.099         33.633         42.649 2026-05-27T22:05:15
    4540    953151     0.788        637.650        186.210          1.114         33.648         38.525 2026-05-27T22:05:53
    4560    957272     0.787        661.350        199.400          1.136         33.571         42.625 2026-05-27T22:06:36
    4580    959843     0.787        630.330        179.720          1.115         33.676         26.027 2026-05-27T22:07:02
    4600    963979     0.786        652.230        188.160          1.111         33.800         42.297 2026-05-27T22:07:44
    4620    966612     0.785        627.440        171.730          1.099         34.058         26.803 2026-05-27T22:08:11
    4640    970223     0.785        633.210        170.720          1.107         34.257         35.829 2026-05-27T22:08:47
    4660    975892     0.784        641.900        186.200          1.104         34.512         56.919 2026-05-27T22:09:44
    4680    978218     0.783        635.250        183.750          1.112         34.444         23.393 2026-05-27T22:10:07
    4700    983351     0.782        646.040        193.720          1.114         34.410         48.905 2026-05-27T22:10:56
    4720    986880     0.781        661.280        202.680          1.126         34.314         30.274 2026-05-27T22:11:26
    4740    992447     0.780        662.530        222.240          1.093         34.119         48.290 2026-05-27T22:12:14
    4760    996257     0.780        630.680        203.650          1.080         33.831         32.767 2026-05-27T22:12:47
    4780   1000236     0.779        655.180        220.180          1.066         33.712         33.099 2026-05-27T22:13:20
    4800   1003690     0.778        640.640        203.390          1.055         33.554         30.165 2026-05-27T22:13:50
    4820   1006748     0.777        637.190        198.680          1.040         33.341         26.365 2026-05-27T22:14:17
    4840   1010319     0.777        653.360        178.720          1.039         33.372         30.639 2026-05-27T22:14:47
    4860   1013467     0.776        643.190        172.100          1.019         33.422         27.229 2026-05-27T22:15:15
    4880   1016264     0.776        645.290        160.280          1.013         33.619         24.147 2026-05-27T22:15:39
    4900   1019729     0.775        642.530        160.390          0.986         33.921         29.473 2026-05-27T22:16:08
    4920   1024486     0.774        667.010        177.380          0.975         34.175         40.466 2026-05-27T22:16:49
    4940   1028645     0.773        662.260        183.260          0.951         34.357         34.869 2026-05-27T22:17:24
    4960   1032985     0.772        681.040        195.180          0.969         34.570         38.075 2026-05-27T22:18:02
    4980   1036437     0.772        695.350        201.730          0.982         34.582         30.205 2026-05-27T22:18:32
    5000   1040723     0.771        704.200        209.940          0.995         34.564         36.403 2026-05-27T22:19:08
    5020   1044885     0.770        700.390        203.990          0.997         34.537         36.189 2026-05-27T22:19:44
    5040   1048261     0.769        687.610        196.160          1.017         34.604         27.656 2026-05-27T22:20:12
    5060   1052351     0.769        691.600        193.660          1.017         34.631         36.773 2026-05-27T22:20:49
    5080   1054818     0.768        660.500        183.810          1.012         34.805         21.342 2026-05-27T22:21:10
    5100   1059939     0.767        691.470        192.160          1.005         34.878         46.238 2026-05-27T22:21:57
    5120   1063380     0.767        691.720        184.950          1.012         34.912         29.252 2026-05-27T22:22:26
    5140   1067450     0.766        705.510        191.890          1.021         34.839         34.897 2026-05-27T22:23:01
    5160   1071620     0.765        701.350        192.690          1.026         34.874         37.017 2026-05-27T22:23:38
    5180   1074641     0.764        716.680        198.230          1.056         34.843         27.367 2026-05-27T22:24:05
    5200   1078808     0.764        697.200        188.690          1.072         34.856         37.759 2026-05-27T22:24:43
    5220   1083147     0.763        692.460        197.670          1.080         34.989         37.067 2026-05-27T22:25:20
    5240   1086525     0.762        683.810        190.750          1.094         35.183         29.940 2026-05-27T22:25:50
    5260   1091524     0.761        719.340        199.040          1.102         35.392         42.379 2026-05-27T22:26:32
    5280   1096257     0.760        737.630        216.160          1.100         35.629         38.838 2026-05-27T22:27:11
    5300   1101320     0.759        739.060        225.120          1.121         35.807         43.730 2026-05-27T22:27:55
    5320   1105885     0.758        744.880        227.380          1.147         35.934         38.459 2026-05-27T22:28:33
    5340   1110591     0.758        778.270        240.660          1.169         35.977         39.832 2026-05-27T22:29:13
    5360   1114916     0.757        751.610        233.920          1.174         35.820         37.926 2026-05-27T22:29:51
    5380   1118693     0.756        729.870        224.360          1.186         35.489         33.569 2026-05-27T22:30:25
    5400   1122078     0.755        706.840        207.580          1.186         35.253         29.898 2026-05-27T22:30:54
    5420   1126148     0.755        693.160        202.630          1.163         35.172         34.616 2026-05-27T22:31:29
    5440   1129349     0.754        658.990        187.580          1.151         35.186         27.571 2026-05-27T22:31:57
    5460   1135288     0.753        661.240        203.720          1.178         35.218         50.995 2026-05-27T22:32:48
    5480   1138977     0.752        661.840        202.840          1.170         35.239         30.663 2026-05-27T22:33:18
    5500   1142391     0.752        666.960        203.130          1.195         35.208         29.010 2026-05-27T22:33:47
    5520   1147017     0.751        699.840        208.690          1.197         35.023         39.072 2026-05-27T22:34:26
    5540   1151476     0.750        726.400        221.270          1.193         34.817         36.915 2026-05-27T22:35:03
    5560   1154399     0.749        699.610        191.110          1.161         34.617         24.448 2026-05-27T22:35:28
    5580   1158834     0.748        744.160        198.570          1.158         34.685         38.680 2026-05-27T22:36:06
    5600   1163258     0.748        758.610        208.670          1.137         34.649         38.395 2026-05-27T22:36:45
    5620   1167275     0.747        732.400        202.580          1.157         34.626         32.765 2026-05-27T22:37:18
    5640   1170781     0.746        713.590        193.050          1.144         34.657         29.756 2026-05-27T22:37:47
    5660   1175276     0.745        736.980        208.770          1.134         34.698         38.121 2026-05-27T22:38:25
    5680   1180066     0.745        732.410        212.320          1.114         34.586         39.348 2026-05-27T22:39:05
    5700   1184056     0.744        751.020        207.980          1.110         34.617         34.358 2026-05-27T22:39:39
    5720   1187782     0.743        755.270        205.070          1.098         34.711         31.562 2026-05-27T22:40:11
    5740   1191160     0.742        750.000        203.790          1.108         34.736         28.449 2026-05-27T22:40:39
    5760   1193805     0.742        726.970        185.290          1.136         34.892         22.320 2026-05-27T22:41:01
    5780   1197753     0.741        693.170        176.870          1.162         35.171         33.641 2026-05-27T22:41:35
    5800   1201669     0.741        681.380        176.130          1.183         35.464         34.403 2026-05-27T22:42:10
    5820   1205060     0.740        675.510        172.780          1.193         35.678         29.647 2026-05-27T22:42:39
    5840   1208377     0.739        678.440        172.170          1.188         35.866         27.964 2026-05-27T22:43:07
    5860   1212914     0.738        697.960        191.090          1.202         36.111         39.498 2026-05-27T22:43:47
    5880   1217172     0.738        733.910        194.190          1.198         36.261         38.259 2026-05-27T22:44:25
    5900   1220250     0.737        708.620        185.810          1.187         36.340         28.341 2026-05-27T22:44:53
    5920   1224564     0.736        720.820        195.040          1.197         36.570         36.884 2026-05-27T22:45:30
    5940   1228877     0.735        733.100        205.000          1.198         36.744         37.552 2026-05-27T22:46:08
    5960   1232333     0.735        727.990        194.190          1.185         36.905         29.599 2026-05-27T22:46:37
    5980   1235317     0.734        687.530        181.450          1.172         37.093         25.133 2026-05-27T22:47:02
    6000   1238921     0.734        697.770        186.710          1.167         37.423         30.720 2026-05-27T22:47:33
    6020   1242177     0.733        671.300        176.130          1.172         37.521         28.057 2026-05-27T22:48:01
    6040   1246899     0.732        687.420        180.220          1.190         37.650         41.706 2026-05-27T22:48:43
    6060   1250253     0.732        691.630        179.200          1.194         37.698         27.727 2026-05-27T22:49:11
    6080   1253575     0.731        703.450        182.580          1.235         37.932         28.513 2026-05-27T22:49:39
    6100   1257603     0.730        709.690        186.820          1.253         37.919         35.324 2026-05-27T22:50:14
    6120   1261332     0.730        736.140        191.550          1.241         37.970         31.418 2026-05-27T22:50:46
    6140   1263834     0.729        678.960        169.350          1.229         38.136         20.421 2026-05-27T22:51:06
    6160   1267726     0.728        691.850        174.730          1.220         38.368         32.483 2026-05-27T22:51:39
    6180   1270900     0.728        681.210        173.250          1.207         38.356         26.283 2026-05-27T22:52:05
    6200   1273582     0.727        655.560        159.790          1.194         38.541         22.608 2026-05-27T22:52:28
    6220   1277819     0.727        660.870        164.870          1.206         38.730         35.249 2026-05-27T22:53:03
    6240   1280967     0.726        698.280        171.330          1.223         38.881         26.275 2026-05-27T22:53:29
    6260   1284703     0.725        691.480        169.770          1.254         38.972         32.117 2026-05-27T22:54:01
    6280   1287931     0.725        698.280        170.310          1.283         39.063         27.957 2026-05-27T22:54:29
    6300   1290659     0.724        701.280        170.770          1.325         39.039         28.123 2026-05-27T22:54:57
    6320   1294643     0.723        694.250        168.240          1.328         39.164         39.499 2026-05-27T22:55:37
    6340   1298668     0.723        711.990        177.010          1.337         39.226         34.653 2026-05-27T22:56:12
    6360   1301561     0.722        668.400        168.580          1.321         39.228         24.185 2026-05-27T22:56:36
    6380   1304954     0.722        654.350        170.230          1.303         39.305         27.684 2026-05-27T22:57:03
    6400   1308369     0.721        670.090        177.100          1.265         39.345         28.731 2026-05-27T22:57:32
    6420   1312309     0.720        679.890        176.660          1.277         39.374         33.864 2026-05-27T22:58:06
    6440   1316111     0.720        664.990        174.430          1.272         39.296         32.161 2026-05-27T22:58:38
    6460   1319598     0.719        709.550        180.370          1.264         39.354         29.217 2026-05-27T22:59:07
    6480   1321847     0.719        691.900        168.930          1.279         39.380         20.158 2026-05-27T22:59:28
    6500   1325914     0.718        701.660        175.450          1.282         39.510         36.096 2026-05-27T23:00:04
    6520   1328985     0.717        677.600        166.760          1.293         39.687         27.696 2026-05-27T23:00:31
    6540   1333069     0.717        673.230        169.580          1.299         39.855         35.085 2026-05-27T23:01:06
    6560   1337591     0.716        674.370        179.930          1.313         39.887         39.080 2026-05-27T23:01:45
    6580   1341416     0.715        717.300        195.690          1.303         39.836         32.758 2026-05-27T23:02:18
    6600   1344217     0.715        682.160        183.030          1.319         39.906         23.774 2026-05-27T23:02:42
    6620   1347373     0.714        678.930        183.880          1.309         39.762         26.083 2026-05-27T23:03:08
    6640   1350174     0.714        664.660        171.050          1.299         39.791         24.085 2026-05-27T23:03:32
    6660   1353536     0.713        654.380        159.450          1.312         39.883         28.832 2026-05-27T23:04:01
    6680   1356414     0.712        652.220        149.980          1.296         40.083         24.502 2026-05-27T23:04:26
    6700   1359986     0.712        694.520        157.690          1.280         40.160         30.759 2026-05-27T23:04:56
    6720   1363940     0.711        709.510        165.670          1.293         40.318         33.443 2026-05-27T23:05:30
    6740   1366827     0.711        711.860        166.530          1.315         40.425         25.345 2026-05-27T23:05:55
    6760   1370186     0.710        695.890        166.500          1.295         40.476         29.633 2026-05-27T23:06:25
    6780   1374233     0.709        709.060        178.190          1.317         40.364         34.848 2026-05-27T23:07:00
    6800   1377496     0.709        696.010        175.100          1.323         40.306         27.587 2026-05-27T23:07:27
    6820   1381543     0.708        717.490        176.030          1.304         40.206         35.189 2026-05-27T23:08:02
    6840   1384870     0.707        739.000        180.430          1.312         40.158         28.050 2026-05-27T23:08:30
    6860   1387827     0.707        745.590        176.410          1.320         40.074         24.774 2026-05-27T23:08:55
    6880   1390675     0.706        719.970        164.420          1.328         40.219         23.801 2026-05-27T23:09:19
    6900   1394500     0.706        737.430        170.040          1.358         40.322         33.653 2026-05-27T23:09:53
    6920   1398900     0.705        721.770        173.570          1.372         40.516         37.514 2026-05-27T23:10:30
    6940   1402168     0.704        709.410        172.980          1.371         40.565         27.709 2026-05-27T23:10:58
    6960   1405589     0.704        731.730        177.620          1.392         40.711         29.126 2026-05-27T23:11:27
    6980   1408884     0.703        746.410        182.090          1.397         40.797         28.636 2026-05-27T23:11:56
    7000   1413357     0.702        756.210        188.570          1.400         40.920         39.701 2026-05-27T23:12:35
    7020   1417138     0.702        734.440        182.380          1.394         40.921         31.865 2026-05-27T23:13:07
    7040   1420070     0.701        732.380        179.020          1.395         40.978         25.225 2026-05-27T23:13:32
    7060   1423745     0.701        726.770        181.560          1.395         41.187         31.747 2026-05-27T23:14:04
    7080   1427329     0.700        735.760        184.450          1.382         41.224         31.355 2026-05-27T23:14:35
    7100   1431806     0.699        731.540        184.490          1.360         41.216         38.914 2026-05-27T23:15:14
    7120   1435689     0.698        737.960        185.510          1.364         41.214         34.026 2026-05-27T23:15:48
    7140   1438906     0.698        735.240        188.360          1.377         41.310         28.386 2026-05-27T23:16:17
    7160   1441768     0.697        715.050        180.230          1.353         41.257         24.251 2026-05-27T23:16:41
    7180   1446457     0.697        743.250        191.280          1.354         41.376         38.861 2026-05-27T23:17:20
    7200   1449694     0.696        736.270        178.880          1.357         41.459         28.210 2026-05-27T23:17:48
    7220   1453516     0.695        754.150        178.270          1.355         41.538         33.641 2026-05-27T23:18:22
    7240   1457541     0.695        780.640        186.350          1.344         41.544         34.851 2026-05-27T23:18:57
    7260   1460693     0.694        787.840        189.250          1.362         41.487         26.679 2026-05-27T23:19:23
    7280   1465321     0.693        758.700        188.640          1.381         41.391         44.508 2026-05-27T23:20:08
    7300   1468035     0.693        717.280        183.410          1.381         41.192         23.431 2026-05-27T23:20:31
    7320   1470981     0.692        686.750        174.650          1.389         41.124         24.627 2026-05-27T23:20:56
    7340   1474096     0.692        651.840        165.550          1.379         41.123         26.630 2026-05-27T23:21:22
    7360   1477469     0.691        657.270        167.760          1.362         41.092         29.025 2026-05-27T23:21:52
    7380   1480877     0.691        642.850        155.560          1.357         41.048         28.880 2026-05-27T23:22:20
    7400   1483858     0.690        658.740        158.230          1.349         41.102         25.643 2026-05-27T23:22:46
    7420   1487522     0.689        684.610        165.410          1.343         41.145         30.654 2026-05-27T23:23:17
    7440   1491349     0.689        702.980        172.530          1.343         41.024         33.788 2026-05-27T23:23:50
    7460   1494715     0.688        714.870        172.460          1.359         40.916         29.690 2026-05-27T23:24:20
    7480   1498197     0.688        712.920        173.200          1.327         40.892         31.070 2026-05-27T23:24:51
    7500   1501575     0.687        730.170        177.170          1.342         40.971         29.038 2026-05-27T23:25:20
    7520   1506708     0.686        734.250        191.860          1.349         40.866         45.063 2026-05-27T23:26:05
    7540   1510202     0.686        729.140        188.530          1.351         40.846         30.448 2026-05-27T23:26:36
    7560   1513233     0.685        714.720        185.180          1.349         40.904         25.825 2026-05-27T23:27:02
    7580   1517597     0.684        747.240        194.000          1.382         40.844         37.601 2026-05-27T23:27:39
    7600   1521355     0.684        743.530        197.800          1.386         40.719         32.574 2026-05-27T23:28:12
    7620   1525909     0.683        743.990        192.010          1.378         40.761         39.850 2026-05-27T23:28:52
    7640   1529502     0.682        739.730        193.000          1.375         40.689         32.006 2026-05-27T23:29:24
    7660   1533174     0.682        740.810        199.410          1.402         40.692         33.029 2026-05-27T23:29:57
    7680   1536889     0.681        719.630        192.920          1.406         40.840         32.797 2026-05-27T23:30:29
    7700   1540753     0.680        721.760        193.980          1.390         40.828         33.411 2026-05-27T23:31:03
    7720   1544969     0.680        725.760        190.600          1.398         40.767         36.905 2026-05-27T23:31:40
    7740   1548313     0.679        733.710        188.110          1.376         40.769         28.402 2026-05-27T23:32:08
    7760   1552743     0.678        751.480        195.690          1.353         40.584         37.993 2026-05-27T23:32:46
    7780   1556062     0.678        746.190        191.730          1.340         40.254         27.954 2026-05-27T23:33:14
    7800   1559227     0.677        730.280        184.740          1.342         40.144         33.712 2026-05-27T23:33:48
    7820   1562529     0.677        719.140        175.600          1.376         40.092         28.576 2026-05-27T23:34:16
    7840   1566145     0.676        719.370        178.320          1.437         40.100         30.892 2026-05-27T23:34:47
    7860   1569115     0.676        680.520        163.720          1.472         40.197         25.121 2026-05-27T23:35:12
    7880   1573132     0.675        688.420        170.700          1.520         40.268         35.692 2026-05-27T23:35:48
    7900   1576917     0.674        715.160        176.900          1.573         40.410         33.826 2026-05-27T23:36:22
    7920   1580609     0.674        724.430        180.800          1.584         40.504         32.160 2026-05-27T23:36:54
    7940   1584690     0.673        738.510        185.450          1.596         40.519         34.593 2026-05-27T23:37:29
    7960   1588467     0.672        765.900        193.520          1.583         40.549         32.998 2026-05-27T23:38:02
    7980   1592467     0.672        769.420        193.350          1.574         40.605         34.205 2026-05-27T23:38:36
    8000   1596341     0.671        761.120        194.240          1.569         40.513         33.314 2026-05-27T23:39:09
    8020   1599782     0.670        747.790        191.730          1.561         40.450         29.777 2026-05-27T23:39:39
    8040   1603905     0.670        740.350        192.150          1.565         40.359         35.772 2026-05-27T23:40:15
    8060   1608444     0.669        766.030        199.770          1.576         40.349         39.070 2026-05-27T23:40:54
    8080   1613045     0.668        774.340        205.780          1.574         40.387         39.955 2026-05-27T23:41:34
    8100   1616649     0.668        764.260        203.080          1.542         40.392         32.094 2026-05-27T23:42:06
    8120   1620363     0.667        776.200        205.810          1.513         40.377         32.963 2026-05-27T23:42:39
    8140   1623369     0.666        751.730        194.640          1.492         40.387         25.531 2026-05-27T23:43:04
    8160   1626520     0.666        683.310        180.760          1.454         40.347         27.322 2026-05-27T23:43:32
    8180   1628977     0.665        635.500        159.320          1.411         40.313         21.690 2026-05-27T23:43:53
    8200   1632235     0.665        625.800        155.860          1.406         40.329         28.276 2026-05-27T23:44:22
    8220   1635793     0.664        630.560        154.300          1.384         40.417         30.935 2026-05-27T23:44:53
    8240   1639260     0.664        651.630        158.910          1.356         40.593         29.993 2026-05-27T23:45:23
    8260   1643324     0.663        714.750        168.040          1.334         40.731         35.675 2026-05-27T23:45:58
    8280   1646661     0.663        738.060        176.840          1.306         40.854         29.089 2026-05-27T23:46:27
    8300   1650385     0.662        745.840        181.500          1.283         40.949         31.791 2026-05-27T23:46:59
    8320   1653260     0.661        712.350        174.670          1.278         40.993         24.721 2026-05-27T23:47:24
    8340   1656890     0.661        702.930        176.300          1.250         41.066         32.115 2026-05-27T23:47:56
    8360   1660196     0.660        685.770        168.720          1.243         41.064         29.067 2026-05-27T23:48:25
    8380   1663966     0.660        694.420        173.050          1.273         41.091         32.398 2026-05-27T23:48:57
    8400   1667745     0.659        711.740        173.600          1.287         41.088         32.681 2026-05-27T23:49:30
    8420   1671760     0.658        740.330        185.000          1.278         41.106         34.881 2026-05-27T23:50:05
    8440   1674964     0.658        736.640        180.740          1.298         41.053         27.312 2026-05-27T23:50:32
    8460   1678579     0.657        731.120        183.830          1.321         41.048         30.793 2026-05-27T23:51:03
    8480   1683675     0.656        742.740        197.090          1.299         41.004         43.442 2026-05-27T23:51:47
    8500   1687734     0.656        752.210        199.890          1.285         40.931         35.198 2026-05-27T23:52:22
    8520   1691797     0.655        755.200        200.370          1.289         40.883         34.758 2026-05-27T23:52:57
    8540   1694985     0.655        760.010        200.210          1.291         40.820         27.065 2026-05-27T23:53:24
    8560   1698470     0.654        768.250        198.910          1.280         40.842         31.273 2026-05-27T23:53:55
    8580   1701792     0.653        743.110        181.170          1.320         40.907         29.586 2026-05-27T23:54:24
    8600   1704976     0.653        715.340        172.420          1.348         41.048         28.272 2026-05-27T23:54:53
    8620   1708254     0.652        686.650        164.570          1.367         41.143         27.884 2026-05-27T23:55:21
    8640   1713279     0.652        723.390        182.940          1.383         41.281         43.520 2026-05-27T23:56:04
    8660   1717664     0.651        760.550        191.940          1.425         41.343         37.672 2026-05-27T23:56:42
    8680   1720978     0.650        769.320        191.860          1.440         41.492         28.063 2026-05-27T23:57:10
    8700   1724973     0.650        787.290        199.970          1.494         41.600         35.080 2026-05-27T23:57:45
    8720   1728289     0.649        796.180        200.350          1.523         41.687         28.130 2026-05-27T23:58:13
    8740   1732800     0.648        780.710        195.210          1.567         41.817         39.136 2026-05-27T23:58:52
    8760   1737219     0.648        756.270        195.550          1.586         41.866         39.264 2026-05-27T23:59:31
    8780   1740513     0.647        751.300        195.350          1.607         41.815         29.924 2026-05-28T00:00:01
    8800   1744195     0.647        753.690        192.220          1.611         41.741         33.520 2026-05-28T00:00:35
    8820   1748885     0.646        758.590        205.960          1.626         41.649         40.729 2026-05-28T00:01:16
    8840   1752728     0.645        752.280        199.280          1.623         41.452         34.362 2026-05-28T00:01:50
    8860   1756215     0.645        729.050        189.960          1.616         41.333         30.387 2026-05-28T00:02:20
    8880   1761153     0.644        758.890        206.400          1.601         41.217         43.073 2026-05-28T00:03:03
    8900   1764873     0.643        738.860        206.780          1.589         41.130         33.137 2026-05-28T00:03:37
    8920   1769014     0.643        733.640        201.290          1.582         40.975         35.478 2026-05-28T00:04:12
    8940   1772664     0.642        723.940        199.360          1.594         40.977         31.484 2026-05-28T00:04:44
    8960   1776381     0.641        744.580        201.660          1.605         40.962         31.378 2026-05-28T00:05:15
    8980   1779886     0.641        717.770        187.330          1.622         40.949         30.932 2026-05-28T00:05:46
    9000   1783378     0.640        713.320        185.050          1.642         40.995         31.321 2026-05-28T00:06:17
    9020   1786325     0.640        706.260        173.110          1.661         41.186         25.999 2026-05-28T00:06:43
    9040   1789419     0.639        691.650        167.550          1.653         41.312         26.612 2026-05-28T00:07:10
    9060   1791833     0.639        655.020        154.520          1.669         41.523         21.390 2026-05-28T00:07:31
    9080   1796970     0.638        684.900        170.840          1.668         41.752         44.296 2026-05-28T00:08:15
    9100   1801066     0.637        706.610        176.880          1.652         41.924         35.497 2026-05-28T00:08:51
    9120   1804328     0.637        702.580        180.030          1.657         41.936         27.259 2026-05-28T00:09:18
    9140   1807590     0.636        710.200        181.710          1.658         41.920         28.897 2026-05-28T00:09:47
    9160   1811421     0.636        738.880        195.880          1.637         41.920         32.715 2026-05-28T00:10:20
    9180   1814750     0.635        709.690        177.800          1.662         41.899         28.597 2026-05-28T00:10:48
    9200   1817721     0.635        677.330        166.550          1.671         41.977         25.082 2026-05-28T00:11:14
    9220   1821119     0.634        699.840        167.910          1.673         42.065         29.634 2026-05-28T00:11:43
    9240   1825025     0.634        721.690        174.350          1.667         42.209         34.450 2026-05-28T00:12:18
    9260   1828904     0.633        702.490        174.830          1.673         42.145         34.006 2026-05-28T00:12:52
    9280   1831900     0.633        684.260        171.500          1.648         42.212         25.009 2026-05-28T00:13:17
    9300   1835013     0.632        679.370        172.920          1.627         42.177         28.136 2026-05-28T00:13:45
    9320   1838995     0.631        683.540        178.760          1.607         42.260         35.051 2026-05-28T00:14:20
    9340   1842420     0.631        646.350        173.950          1.627         42.246         30.436 2026-05-28T00:14:50
    9360   1846808     0.630        674.030        179.040          1.648         42.436         38.648 2026-05-28T00:15:29
    9380   1849862     0.630        674.700        179.620          1.670         42.475         27.037 2026-05-28T00:15:56
    9400   1853132     0.629        696.740        181.190          1.709         42.641         28.868 2026-05-28T00:16:25
    9420   1855400     0.629        655.600        164.050          1.757         42.708         20.068 2026-05-28T00:16:45
    9440   1858304     0.628        650.510        158.840          1.761         42.867         24.248 2026-05-28T00:17:09
    9460   1861669     0.628        629.020        148.610          1.762         42.945         30.087 2026-05-28T00:17:39
    9480   1865042     0.627        632.350        151.800          1.754         42.992         29.227 2026-05-28T00:18:08
    9500   1868293     0.627        637.930        151.610          1.742         42.928         28.396 2026-05-28T00:18:37
    9520   1871303     0.626        643.140        159.030          1.733         42.989         25.966 2026-05-28T00:19:03
    9540   1874335     0.626        659.760        160.310          1.720         42.981         26.018 2026-05-28T00:19:29
    9560   1877392     0.625        663.260        157.230          1.698         43.066         26.358 2026-05-28T00:19:55
    9580   1881060     0.625        684.230        160.180          1.700         43.104         32.486 2026-05-28T00:20:28
    9600   1885232     0.624        678.780        169.390          1.695         43.149         34.961 2026-05-28T00:21:03
    9620   1889386     0.624        697.680        180.830          1.663         43.109         35.625 2026-05-28T00:21:38
    9640   1893322     0.623        723.700        189.870          1.686         43.004         34.438 2026-05-28T00:22:13
    9660   1897447     0.622        727.230        200.550          1.697         42.808         34.768 2026-05-28T00:22:47
    9680   1901230     0.622        709.760        201.700          1.696         42.640         32.498 2026-05-28T00:23:20
    9700   1905004     0.621        703.580        197.720          1.700         42.398         38.159 2026-05-28T00:23:58
    9720   1909589     0.620        744.810        202.030          1.717         42.214         41.125 2026-05-28T00:24:39
    9740   1912250     0.620        706.390        189.280          1.715         42.206         27.469 2026-05-28T00:25:07
    9760   1916374     0.619        695.870        189.270          1.706         42.069         36.878 2026-05-28T00:25:44
    9780   1919758     0.619        693.110        185.280          1.702         41.948         28.942 2026-05-28T00:26:13
    9800   1923555     0.618        704.690        185.510          1.727         41.852         33.437 2026-05-28T00:26:46
    9820   1927620     0.618        684.340        180.310          1.740         41.658         34.291 2026-05-28T00:27:20
    9840   1930575     0.617        688.610        183.250          1.752         41.432         25.616 2026-05-28T00:27:46
    9860   1933985     0.617        669.510        176.110          1.779         41.219         28.958 2026-05-28T00:28:15
    9880   1937667     0.616        689.350        179.090          1.780         41.115         32.215 2026-05-28T00:28:47
    9900   1940687     0.616        668.310        171.320          1.772         40.999         25.965 2026-05-28T00:29:13
    9920   1944681     0.615        667.440        170.610          1.791         40.949         36.525 2026-05-28T00:29:50
    9940   1947572     0.615        676.360        169.970          1.771         40.953         30.126 2026-05-28T00:30:20
    9960   1951261     0.614        706.140        172.760          1.763         41.052         34.298 2026-05-28T00:30:54
    9980   1956531     0.613        673.940        188.640          1.779         40.920         46.608 2026-05-28T00:31:41
   10000   1959633     0.613        674.140        189.460          1.766         40.761         26.929 2026-05-28T00:32:08
   10020   1965786     0.612        660.060        211.050          1.695         40.371         52.510 2026-05-28T00:33:00
   10040   1969410     0.611        646.350        218.380          1.665         39.836         31.247 2026-05-28T00:33:31
   10060   1972748     0.611        621.110        214.870          1.633         39.288         28.390 2026-05-28T00:34:00
   10080   1976453     0.610        656.850        199.220          1.578         38.850         32.073 2026-05-28T00:34:32
   10100   1980727     0.609        670.620        210.940          1.532         38.398         37.094 2026-05-28T00:35:09
   10120   1984278     0.609        662.320        184.920          1.533         38.145         31.929 2026-05-28T00:35:41
   10140   1986598     0.609        650.280        171.880          1.517         38.016         20.500 2026-05-28T00:36:01
   10160   1990677     0.608        664.590        179.290          1.494         37.955         36.276 2026-05-28T00:36:38
   10180   1994946     0.607        672.110        184.930          1.486         37.793         36.522 2026-05-28T00:37:14
   10200   1998641     0.607        672.050        179.140          1.466         37.800         32.429 2026-05-28T00:37:46
   10220   2001902     0.606        664.730        176.240          1.442         37.754         28.919 2026-05-28T00:38:15
   10240   2005412     0.606        702.690        188.140          1.416         37.708         30.710 2026-05-28T00:38:46
   10260   2009315     0.605        713.230        186.380          1.409         37.606         33.193 2026-05-28T00:39:19
   10280   2012771     0.605        688.580        178.250          1.388         37.652         32.432 2026-05-28T00:39:52
   10300   2016359     0.604        686.790        177.180          1.355         37.577         36.838 2026-05-28T00:40:29
   10320   2019977     0.604        696.760        180.750          1.338         37.636         33.986 2026-05-28T00:41:03
   10340   2023927     0.603        676.810        185.150          1.327         37.503         34.808 2026-05-28T00:41:37
   10360   2026952     0.602        657.190        176.370          1.304         37.462         26.562 2026-05-28T00:42:04
   10380   2031829     0.602        688.780        190.580          1.318         37.378         43.330 2026-05-28T00:42:47
   10400   2035278     0.601        693.240        189.190          1.349         37.358         29.333 2026-05-28T00:43:17
   10420   2038128     0.601        690.820        181.510          1.355         37.363         25.462 2026-05-28T00:43:42
   10440   2041737     0.600        724.110        178.100          1.372         37.479         31.410 2026-05-28T00:44:13
   10460   2044345     0.600        709.600        173.930          1.409         37.554         22.714 2026-05-28T00:44:36
   10480   2046874     0.599        656.110        150.450          1.390         37.626         21.975 2026-05-28T00:44:58
   10500   2049558     0.599        632.420        142.800          1.396         37.699         23.573 2026-05-28T00:45:22
   10520   2054039     0.598        633.480        159.110          1.403         37.594         39.812 2026-05-28T00:46:02
   10540   2058023     0.598        603.240        162.860          1.392         37.649         34.578 2026-05-28T00:46:36
   10560   2061806     0.597        636.710        174.610          1.380         37.690         32.061 2026-05-28T00:47:08
   10580   2066303     0.597        648.740        194.290          1.394         37.799         40.377 2026-05-28T00:47:49
   10600   2070065     0.596        682.350        205.070          1.381         37.956         33.438 2026-05-28T00:48:22
   10620   2073620     0.595        672.100        195.810          1.395         38.175         31.736 2026-05-28T00:48:54
   10640   2076429     0.595        664.880        184.060          1.399         38.113         23.919 2026-05-28T00:49:18
   10660   2080090     0.595        652.500        182.840          1.380         38.211         31.650 2026-05-28T00:49:49
   10680   2083895     0.594        684.780        175.920          1.389         38.198         32.972 2026-05-28T00:50:22
   10700   2087030     0.593        672.320        169.650          1.390         38.132         27.246 2026-05-28T00:50:50
   10720   2091241     0.593        684.460        176.210          1.381         38.225         35.471 2026-05-28T00:51:25
   10740   2093707     0.592        680.830        172.780          1.390         38.334         21.534 2026-05-28T00:51:47
   10760   2097639     0.592        709.440        175.490          1.405         38.182         34.336 2026-05-28T00:52:21
   10780   2101427     0.591        728.700        175.320          1.402         38.257         32.309 2026-05-28T00:52:53
   10800   2105218     0.591        731.780        181.880          1.418         38.344         33.316 2026-05-28T00:53:26
   10820   2108833     0.590        729.320        175.920          1.429         38.309         31.840 2026-05-28T00:53:58
   10840   2112555     0.590        761.170        188.480          1.452         38.318         33.351 2026-05-28T00:54:32
   10860   2115714     0.589        738.450        180.750          1.474         38.505         27.563 2026-05-28T00:54:59
   10880   2118628     0.589        696.910        172.010          1.495         38.547         25.376 2026-05-28T00:55:25
   10900   2122183     0.588        702.280        169.650          1.491         38.630         31.864 2026-05-28T00:55:56
   10920   2126529     0.588        740.310        176.960          1.503         38.735         37.134 2026-05-28T00:56:34
   10940   2131120     0.587        738.660        185.650          1.499         38.899         39.346 2026-05-28T00:57:13
   10960   2135018     0.586        750.190        193.040          1.501         38.916         34.032 2026-05-28T00:57:47
   10980   2139834     0.586        779.580        212.060          1.503         38.806         42.375 2026-05-28T00:58:29
   11000   2142844     0.585        772.930        206.610          1.512         38.691         26.924 2026-05-28T00:58:56
   11020   2146651     0.585        756.550        201.220          1.499         38.496         34.945 2026-05-28T00:59:31
   11040   2149705     0.584        742.960        185.850          1.475         38.253         27.891 2026-05-28T00:59:59
   11060   2153429     0.584        749.040        184.110          1.497         38.115         34.031 2026-05-28T01:00:33
   11080   2157157     0.583        724.080        173.230          1.501         38.253         32.928 2026-05-28T01:01:06
   11100   2160092     0.583        717.750        172.480          1.515         38.265         26.234 2026-05-28T01:01:32
   11120   2164234     0.582        718.360        175.830          1.566         38.484         36.764 2026-05-28T01:02:09
   11140   2168315     0.582        733.140        186.100          1.614         38.786         35.502 2026-05-28T01:02:45
   11160   2171831     0.581        712.680        184.020          1.625         39.046         29.993 2026-05-28T01:03:15
   11180   2175195     0.581        719.220        180.380          1.650         39.272         29.611 2026-05-28T01:03:44
   11200   2178841     0.580        712.380        187.490          1.658         39.526         31.523 2026-05-28T01:04:16
   11220   2181776     0.580        689.900        175.420          1.649         39.689         25.377 2026-05-28T01:04:41
   11240   2185598     0.579        702.520        172.830          1.669         39.837         32.523 2026-05-28T01:05:14
   11260   2188553     0.579        702.790        167.220          1.654         39.878         27.251 2026-05-28T01:05:41
   11280   2192630     0.578        712.260        174.350          1.653         39.924         39.650 2026-05-28T01:06:20
   11300   2196196     0.577        720.460        173.550          1.681         40.034         31.681 2026-05-28T01:06:52
   11320   2199046     0.577        714.290        172.700          1.668         40.150         24.480 2026-05-28T01:07:17
   11340   2201941     0.577        690.810        163.430          1.672         40.078         25.737 2026-05-28T01:07:42
   11360   2205418     0.576        706.970        168.650          1.693         40.324         30.415 2026-05-28T01:08:13
   11380   2208560     0.576        686.820        159.300          1.714         40.440         27.314 2026-05-28T01:08:40
   11400   2211820     0.575        700.140        156.240          1.732         40.623         27.571 2026-05-28T01:09:08
   11420   2214351     0.575        697.680        153.050          1.783         40.722         21.748 2026-05-28T01:09:29
   11440   2217675     0.574        691.820        157.340          1.785         40.994         29.407 2026-05-28T01:09:59
   11460   2221199     0.574        686.670        157.810          1.805         41.022         30.165 2026-05-28T01:10:29
   11480   2224087     0.573        681.170        155.270          1.830         41.036         24.985 2026-05-28T01:10:54
   11500   2228115     0.573        689.170        162.950          1.825         41.079         35.005 2026-05-28T01:11:29
   11520   2232730     0.572        723.840        183.790          1.851         41.206         40.548 2026-05-28T01:12:10
   11540   2235234     0.572        718.840        175.590          1.906         41.451         22.536 2026-05-28T01:12:32
   11560   2238644     0.571        707.770        174.450          1.935         41.694         29.604 2026-05-28T01:13:02
   11580   2241307     0.571        699.080        172.200          1.996         42.116         22.778 2026-05-28T01:13:24
   11600   2245147     0.570        698.620        170.320          2.050         42.376         34.118 2026-05-28T01:13:59
   11620   2248546     0.570        678.010        158.160          2.085         42.534         29.739 2026-05-28T01:14:28
   11640   2251637     0.570        688.540        164.030          2.098         42.604         26.636 2026-05-28T01:14:55
   11660   2254578     0.569        682.940        159.340          2.118         42.704         25.135 2026-05-28T01:15:20
   11680   2258294     0.569        695.140        169.870          2.089         42.752         33.156 2026-05-28T01:15:53
   11700   2262418     0.568        695.100        172.710          2.082         42.652         37.563 2026-05-28T01:16:31
   11720   2265595     0.568        678.580        170.490          2.050         42.614         27.520 2026-05-28T01:16:58
   11740   2268777     0.567        664.560        171.400          2.012         42.556         27.719 2026-05-28T01:17:26
   11760   2272688     0.567        684.410        181.100          1.995         42.485         34.468 2026-05-28T01:18:01
   11780   2275958     0.566        667.690        176.640          1.964         42.288         29.372 2026-05-28T01:18:30
   11800   2278537     0.566        625.280        161.190          1.916         42.392         22.861 2026-05-28T01:18:53
   11820   2281705     0.565        635.920        161.100          1.889         42.563         27.026 2026-05-28T01:19:20
   11840   2285258     0.565        653.710        164.810          1.872         42.507         30.774 2026-05-28T01:19:51
   11860   2288300     0.564        636.470        156.120          1.833         42.452         26.574 2026-05-28T01:20:17
   11880   2291179     0.564        652.080        152.210          1.820         42.476         24.910 2026-05-28T01:20:42
   11900   2295602     0.563        674.930        170.650          1.821         42.440         38.141 2026-05-28T01:21:20
   11920   2299138     0.563        681.490        174.330          1.801         42.322         30.954 2026-05-28T01:21:51
   11940   2302714     0.562        701.760        174.560          1.809         42.350         31.089 2026-05-28T01:22:22
   11960   2307229     0.562        725.550        189.290          1.810         42.291         38.814 2026-05-28T01:23:01
   11980   2311322     0.561        741.130        201.430          1.802         42.207         36.188 2026-05-28T01:23:37
   12000   2314413     0.561        727.510        188.110          1.806         41.970         27.649 2026-05-28T01:24:05
   12020   2318049     0.560        749.790        189.110          1.829         41.650         33.088 2026-05-28T01:24:38
   12040   2321397     0.560        716.920        186.830          1.837         41.488         29.281 2026-05-28T01:25:07
   12060   2323738     0.559        682.900        165.090          1.851         41.339         20.872 2026-05-28T01:25:28
   12080   2327313     0.559        695.810        159.910          1.852         41.242         31.854 2026-05-28T01:26:00
   12100   2331182     0.558        719.660        167.690          1.853         41.238         33.994 2026-05-28T01:26:34
   12120   2334419     0.558        681.440        163.700          1.855         41.452         27.515 2026-05-28T01:27:01
   12140   2339377     0.557        729.730        179.800          1.831         41.468         44.295 2026-05-28T01:27:46
   12160   2343129     0.557        763.220        193.910          1.830         41.580         32.402 2026-05-28T01:28:18
   12180   2347116     0.556        762.210        198.030          1.840         41.485         35.138 2026-05-28T01:28:53
   12200   2350148     0.556        744.710        189.660          1.815         41.476         26.581 2026-05-28T01:29:20
   12220   2354300     0.555        776.950        198.810          1.821         41.275         37.622 2026-05-28T01:29:58
   12240   2357185     0.555        726.860        178.080          1.832         41.070         26.254 2026-05-28T01:30:24
   12260   2360389     0.554        719.240        172.600          1.823         41.002         28.500 2026-05-28T01:30:52
   12280   2364303     0.554        721.590        171.870          1.832         40.996         33.685 2026-05-28T01:31:26
   12300   2367261     0.553        725.080        171.130          1.859         40.921         26.726 2026-05-28T01:31:53
   12320   2370307     0.553        705.170        160.070          1.850         40.987         26.605 2026-05-28T01:32:19
   12340   2373195     0.553        712.080        160.100          1.870         41.108         25.257 2026-05-28T01:32:45
   12360   2376656     0.552        708.030        162.670          1.894         41.157         29.223 2026-05-28T01:33:14
   12380   2380629     0.551        707.420        163.260          1.896         41.303         35.010 2026-05-28T01:33:49
   12400   2385952     0.551        724.710        186.910          1.895         41.304         45.943 2026-05-28T01:34:35
   12420   2390365     0.550        759.280        200.580          1.914         41.124         37.813 2026-05-28T01:35:13
   12440   2393166     0.550        750.470        199.710          1.892         41.010         24.997 2026-05-28T01:35:38
   12460   2398046     0.549        749.090        213.900          1.871         40.853         43.406 2026-05-28T01:36:21
   12480   2401577     0.549        717.720        209.480          1.866         40.627         31.703 2026-05-28T01:36:53
   12500   2404276     0.548        694.530        183.240          1.874         40.511         23.624 2026-05-28T01:37:16
   12520   2407059     0.548        650.230        166.940          1.866         40.549         24.869 2026-05-28T01:37:41
   12540   2411016     0.547        674.200        178.500          1.851         40.601         34.747 2026-05-28T01:38:16
   12560   2414939     0.547        695.160        168.930          1.867         40.601         34.221 2026-05-28T01:38:50
   12580   2418454     0.546        708.840        168.770          1.841         40.721         30.290 2026-05-28T01:39:20
   12600   2421239     0.546        707.190        169.630          1.846         40.805         25.213 2026-05-28T01:39:46
   12620   2423994     0.546        714.430        169.350          1.845         40.769         23.721 2026-05-28T01:40:09
   12640   2426675     0.545        699.440        156.590          1.875         40.759         26.819 2026-05-28T01:40:36
   12660   2430216     0.545        675.620        152.770          1.883         40.785         30.584 2026-05-28T01:41:07
   12680   2433196     0.544        673.610        147.420          1.910         40.771         26.168 2026-05-28T01:41:33
   12700   2437158     0.544        696.440        159.190          1.909         40.731         35.780 2026-05-28T01:42:09
   12720   2439678     0.543        683.860        156.840          1.906         40.868         22.509 2026-05-28T01:42:31
   12740   2443572     0.543        694.090        168.970          1.897         40.906         34.854 2026-05-28T01:43:06
   12760   2447494     0.542        714.140        172.780          1.879         40.958         34.917 2026-05-28T01:43:41
   12780   2450476     0.542        729.170        172.800          1.877         40.953         26.527 2026-05-28T01:44:07
   12800   2453364     0.542        719.690        162.060          1.878         41.101         26.089 2026-05-28T01:44:34
   12820   2455974     0.541        709.360        162.960          1.858         41.212         22.843 2026-05-28T01:44:56
   12840   2459354     0.541        700.060        157.820          1.855         41.249         30.089 2026-05-28T01:45:27
   12860   2462694     0.540        685.660        152.000          1.847         41.355         29.940 2026-05-28T01:45:56
   12880   2466202     0.540        684.360        157.260          1.848         41.511         31.247 2026-05-28T01:46:28
   12900   2469934     0.539        695.080        165.700          1.811         41.520         32.404 2026-05-28T01:47:00
   12920   2473179     0.539        733.300        172.050          1.828         41.479         29.022 2026-05-28T01:47:29
   12940   2476713     0.538        745.070        173.590          1.822         41.537         35.588 2026-05-28T01:48:05
   12960   2481060     0.538        779.330        183.660          1.825         41.508         39.493 2026-05-28T01:48:44
   12980   2484455     0.537        769.940        182.530          1.819         41.594         29.357 2026-05-28T01:49:14
   13000   2487878     0.537        772.130        179.440          1.837         41.799         31.297 2026-05-28T01:49:45
   13020   2490670     0.537        750.700        174.910          1.841         41.982         24.454 2026-05-28T01:50:09
   13040   2493674     0.536        737.590        169.610          1.863         42.143         26.522 2026-05-28T01:50:36
   13060   2496800     0.536        694.470        157.400          1.881         42.394         26.909 2026-05-28T01:51:03
   13080   2500262     0.535        707.350        158.070          1.882         42.580         30.495 2026-05-28T01:51:33
   13100   2503292     0.535        703.990        154.140          1.912         42.732         27.252 2026-05-28T01:52:00
   13120   2505850     0.534        693.150        151.800          1.908         42.861         22.609 2026-05-28T01:52:23
   13140   2509097     0.534        694.550        154.230          1.903         43.100         28.271 2026-05-28T01:52:51
   13160   2512772     0.534        697.930        159.720          1.916         43.139         31.710 2026-05-28T01:53:23
   13180   2516764     0.533        713.190        165.020          1.921         43.252         35.996 2026-05-28T01:53:59
   13200   2520045     0.533        699.290        167.530          1.913         43.338         29.657 2026-05-28T01:54:29
   13220   2523174     0.532        707.440        173.240          1.956         43.383         27.424 2026-05-28T01:54:56
   13240   2526975     0.532        709.920        178.780          1.955         43.288         32.405 2026-05-28T01:55:29
   13260   2530336     0.531        698.700        175.640          1.933         43.302         29.742 2026-05-28T01:55:58
   13280   2534152     0.531        687.900        173.880          1.982         43.135         33.313 2026-05-28T01:56:32
   13300   2537472     0.530        709.420        174.270          1.986         43.059         34.411 2026-05-28T01:57:06
   13320   2541536     0.530        755.550        183.620          1.967         42.992         37.678 2026-05-28T01:57:44
   13340   2545030     0.529        775.530        180.550          1.971         43.159         30.309 2026-05-28T01:58:14
   13360   2548201     0.529        789.250        178.650          1.990         43.234         27.463 2026-05-28T01:58:41
   13380   2551782     0.528        784.470        176.300          1.943         43.291         31.016 2026-05-28T01:59:12
   13400   2555192     0.528        775.760        177.200          1.933         43.334         31.481 2026-05-28T01:59:44
   13420   2557585     0.528        719.150        160.490          1.917         43.469         21.656 2026-05-28T02:00:06
   13440   2560485     0.527        699.480        154.550          1.910         43.486         25.993 2026-05-28T02:00:32
   13460   2563105     0.527        690.120        149.040          1.910         43.573         22.760 2026-05-28T02:00:54
   13480   2566681     0.526        675.500        148.990          1.925         43.633         31.698 2026-05-28T02:01:26
   13500   2569916     0.526        675.360        147.240          1.947         43.733         29.201 2026-05-28T02:01:55
   13520   2573567     0.526        712.430        159.820          1.980         43.784         32.522 2026-05-28T02:02:28
   13540   2577690     0.525        724.370        172.050          1.997         43.747         35.806 2026-05-28T02:03:04
   13560   2581200     0.525        728.130        180.950          2.015         43.663         30.668 2026-05-28T02:03:34
   13580   2584515     0.524        741.000        178.340          2.025         43.675         29.307 2026-05-28T02:04:04
   13600   2588578     0.524        767.690        186.620          2.017         43.665         35.282 2026-05-28T02:04:39
   13620   2591955     0.523        755.070        183.880          2.009         43.603         29.119 2026-05-28T02:05:08
   13640   2595007     0.523        733.120        173.170          2.005         43.593         27.405 2026-05-28T02:05:35
   13660   2598457     0.522        753.420        172.570          1.975         43.675         30.580 2026-05-28T02:06:06
   13680   2602222     0.522        759.530        177.070          1.973         43.690         33.744 2026-05-28T02:06:40
   13700   2605783     0.521        720.310        172.050          1.990         43.596         31.238 2026-05-28T02:07:11
   13720   2609992     0.521        735.160        180.370          1.981         43.477         37.767 2026-05-28T02:07:49
   13740   2613955     0.520        769.940        189.480          2.012         43.332         34.886 2026-05-28T02:08:24
   13760   2618068     0.520        775.850        196.110          2.043         43.159         36.070 2026-05-28T02:09:00
   13780   2621719     0.519        753.290        194.970          2.061         42.959         32.403 2026-05-28T02:09:32
   13800   2625295     0.519        772.900        195.120          2.056         42.848         31.434 2026-05-28T02:10:04
   13820   2630153     0.518        777.250        201.610          2.071         42.829         42.760 2026-05-28T02:10:46
   13840   2633824     0.518        754.850        198.690          2.071         42.781         31.465 2026-05-28T02:11:18
   13860   2636818     0.517        712.900        187.500          2.042         42.735         27.268 2026-05-28T02:11:45
   13880   2640580     0.517        719.420        188.610          2.016         42.761         32.976 2026-05-28T02:12:18
   13900   2644099     0.516        727.550        188.040          2.010         42.748         31.079 2026-05-28T02:12:49
   13920   2646583     0.516        675.250        164.300          1.985         42.740         21.409 2026-05-28T02:13:10
   13940   2648841     0.516        646.180        150.170          1.944         42.671         19.798 2026-05-28T02:13:30
   13960   2652266     0.515        685.950        154.480          1.967         42.639         30.695 2026-05-28T02:14:01
   13980   2654798     0.515        679.440        142.180          1.958         42.596         22.651 2026-05-28T02:14:24
   14000   2659175     0.514        688.860        150.760          1.931         42.518         39.166 2026-05-28T02:15:03
   14020   2662449     0.514        724.840        158.660          1.928         42.398         29.435 2026-05-28T02:15:32
   14040   2665721     0.514        751.210        168.800          1.923         42.316         30.272 2026-05-28T02:16:02
   14060   2669060     0.513        717.320        167.940          1.888         42.254         29.441 2026-05-28T02:16:32
   14080   2672807     0.513        724.940        180.090          1.859         42.101         32.654 2026-05-28T02:17:05
   14100   2676164     0.512        697.120        169.890          1.852         42.023         30.325 2026-05-28T02:17:35
   14120   2679025     0.512        692.660        165.760          1.827         42.005         25.410 2026-05-28T02:18:00
   14140   2682163     0.511        708.610        164.420          1.821         42.064         28.512 2026-05-28T02:18:29
   14160   2685530     0.511        750.820        164.700          1.813         42.052         29.514 2026-05-28T02:18:58
   14180   2688626     0.511        753.990        158.190          1.812         42.203         27.322 2026-05-28T02:19:26
   14200   2691585     0.510        732.190        154.210          1.809         42.300         26.478 2026-05-28T02:19:52
   14220   2695201     0.510        746.890        161.760          1.825         42.395         31.695 2026-05-28T02:20:24
   14240   2697922     0.509        720.600        157.590          1.811         42.485         23.728 2026-05-28T02:20:48
   14260   2700292     0.509        667.530        147.620          1.808         42.569         20.075 2026-05-28T02:21:08
   14280   2703543     0.509        674.290        149.170          1.825         42.580         28.654 2026-05-28T02:21:36
   14300   2707043     0.508        691.740        154.580          1.815         42.697         30.393 2026-05-28T02:22:07
   14320   2710506     0.508        695.130        153.050          1.795         42.844         30.268 2026-05-28T02:22:37
   14340   2713871     0.507        710.860        159.490          1.798         43.034         28.709 2026-05-28T02:23:06
   14360   2717052     0.507        743.800        167.600          1.796         43.145         27.622 2026-05-28T02:23:33
   14380   2720482     0.507        750.350        169.390          1.780         43.421         30.914 2026-05-28T02:24:04
   14400   2724163     0.506        758.690        171.200          1.809         43.587         33.387 2026-05-28T02:24:38
   14420   2727718     0.506        777.530        172.120          1.821         43.727         30.469 2026-05-28T02:25:08
   14440   2731085     0.505        790.070        172.140          1.844         43.995         29.350 2026-05-28T02:25:37
   14460   2734460     0.505        785.990        174.080          1.861         44.323         29.803 2026-05-28T02:26:07
   14480   2737267     0.504        746.470        167.850          1.884         44.464         24.542 2026-05-28T02:26:32
   14500   2740741     0.504        737.180        165.780          1.861         44.730         29.693 2026-05-28T02:27:01
   14520   2744700     0.503        715.100        169.820          1.867         44.939         34.438 2026-05-28T02:27:36
   14540   2748460     0.503        728.650        173.750          1.854         44.921         33.455 2026-05-28T02:28:09
   14560   2751534     0.503        719.750        170.740          1.851         44.902         26.583 2026-05-28T02:28:36
   14580   2754513     0.502        727.550        172.460          1.863         44.882         26.242 2026-05-28T02:29:02
   14600   2757479     0.502        716.250        167.380          1.874         44.759         26.614 2026-05-28T02:29:29
   14620   2761049     0.501        722.820        163.490          1.919         44.625         31.977 2026-05-28T02:30:01
   14640   2764359     0.501        705.520        158.990          1.960         44.591         30.435 2026-05-28T02:30:31
   14660   2768598     0.500        751.000        170.640          1.972         44.645         37.345 2026-05-28T02:31:09
   14680   2771947     0.500        760.580        174.340          1.987         44.761         29.637 2026-05-28T02:31:38
   14700   2774301     0.500        748.820        168.220          2.036         44.873         20.943 2026-05-28T02:31:59
   14720   2777203     0.499        713.040        161.540          2.021         45.097         24.969 2026-05-28T02:32:24
   14740   2781439     0.499        733.310        170.800          2.023         45.095         36.323 2026-05-28T02:33:00
   14760   2785749     0.498        712.560        171.510          2.058         44.983         37.906 2026-05-28T02:33:38
   14780   2789378     0.498        723.740        174.310          2.068         44.849         31.539 2026-05-28T02:34:10
   14800   2794044     0.497        787.890        197.430          2.091         44.624         43.193 2026-05-28T02:34:53
   14820   2797721     0.497        810.830        205.180          2.129         44.335         31.824 2026-05-28T02:35:25
   14840   2800825     0.496        784.690        193.860          2.182         44.105         28.301 2026-05-28T02:35:53
   14860   2804438     0.496        771.960        186.890          2.221         43.933         32.042 2026-05-28T02:36:25
   14880   2807763     0.496        762.540        183.850          2.251         43.739         29.175 2026-05-28T02:36:54
   14900   2811682     0.495        740.560        176.380          2.259         43.615         34.303 2026-05-28T02:37:29
   14920   2814313     0.495        715.670        165.920          2.263         43.470         22.995 2026-05-28T02:37:52
   14940   2817235     0.494        703.440        164.100          2.241         43.422         25.125 2026-05-28T02:38:17
   14960   2820912     0.494        733.510        164.740          2.258         43.380         32.208 2026-05-28T02:38:49
   14980   2824119     0.494        735.730        163.560          2.273         43.434         27.769 2026-05-28T02:39:17
   15000   2827651     0.493        718.540        159.690          2.271         43.412         31.718 2026-05-28T02:39:49
   15020   2831378     0.493        762.520        170.650          2.302         43.388         32.735 2026-05-28T02:40:21
   15040   2834201     0.492        745.410        169.660          2.315         43.342         24.697 2026-05-28T02:40:46
   15060   2837467     0.492        720.250        165.550          2.287         43.383         27.799 2026-05-28T02:41:14
   15080   2840905     0.492        721.080        167.860          2.289         43.353         31.108 2026-05-28T02:41:45
   15100   2844416     0.491        719.010        167.650          2.301         43.460         31.126 2026-05-28T02:42:16
   15120   2847464     0.491        684.940        160.860          2.273         43.606         27.809 2026-05-28T02:42:44
   15140   2851004     0.490        714.750        168.030          2.287         43.676         29.888 2026-05-28T02:43:14
   15160   2854305     0.490        704.680        168.380          2.320         43.583         29.117 2026-05-28T02:43:43
   15180   2857642     0.489        706.480        167.370          2.316         43.450         29.864 2026-05-28T02:44:13
   15200   2860592     0.489        702.820        161.760          2.335         43.317         26.653 2026-05-28T02:44:39
   15220   2864712     0.489        736.620        172.480          2.356         43.151         36.383 2026-05-28T02:45:16
   15240   2868116     0.488        720.670        171.120          2.345         43.102         30.666 2026-05-28T02:45:46
   15260   2871509     0.488        733.790        172.040          2.334         43.121         30.556 2026-05-28T02:46:17
   15280   2875744     0.487        758.070        181.020          2.353         43.059         37.331 2026-05-28T02:46:54
   15300   2878483     0.487        740.920        178.910          2.346         42.970         23.906 2026-05-28T02:47:18
   15320   2882197     0.486        728.650        174.850          2.352         42.855         34.260 2026-05-28T02:47:52
   15340   2885506     0.486        749.290        173.900          2.344         42.720         29.931 2026-05-28T02:48:22
   15360   2889409     0.486        729.460        179.000          2.327         42.589         34.724 2026-05-28T02:48:57
   15380   2894486     0.485        710.110        187.420          2.295         42.638         44.583 2026-05-28T02:49:42
   15400   2897757     0.485        742.670        192.740          2.257         42.722         32.267 2026-05-28T02:50:14
   15420   2901309     0.484        759.320        191.120          2.229         42.676         37.280 2026-05-28T02:50:51
   15440   2904977     0.484        752.440        194.710          2.200         42.667         37.516 2026-05-28T02:51:29
   15460   2908705     0.483        750.810        192.960          2.173         42.639         32.920 2026-05-28T02:52:02
   15480   2911612     0.483        737.810        171.260          2.166         42.646         25.871 2026-05-28T02:52:27
   15500   2914302     0.483        719.390        165.450          2.156         42.459         23.738 2026-05-28T02:52:51
   15520   2916540     0.482        657.510        152.310          2.116         42.523         18.861 2026-05-28T02:53:10
   15540   2920093     0.482        673.380        151.160          2.102         42.463         31.690 2026-05-28T02:53:42
   15560   2922661     0.482        669.390        139.560          2.120         42.528         23.068 2026-05-28T02:54:05
   15580   2925184     0.481        644.450        135.720          2.075         42.449         23.365 2026-05-28T02:54:28
   15600   2928622     0.481        653.450        143.200          2.055         42.604         30.545 2026-05-28T02:54:59
   15620   2932683     0.480        698.110        161.430          2.085         42.594         35.676 2026-05-28T02:55:34
   15640   2936581     0.480        686.090        164.880          2.095         42.679         34.710 2026-05-28T02:56:09
   15660   2940954     0.479        702.470        182.930          2.098         42.486         38.583 2026-05-28T02:56:48
   15680   2943773     0.479        714.820        185.890          2.130         42.419         23.955 2026-05-28T02:57:12
   15700   2948055     0.479        713.700        194.330          2.147         42.315         38.482 2026-05-28T02:57:50
   15720   2951575     0.478        713.440        188.920          2.150         42.192         30.229 2026-05-28T02:58:20
   15740   2955054     0.478        697.840        184.730          2.182         42.007         29.834 2026-05-28T02:58:50
   15760   2958244     0.477        691.770        172.900          2.176         41.973         28.077 2026-05-28T02:59:18
   15780   2961499     0.477        705.330        177.260          2.212         41.781         29.508 2026-05-28T02:59:48
   15800   2963918     0.477        680.790        158.630          2.233         41.538         22.077 2026-05-28T03:00:10
   15820   2967021     0.476        667.580        154.460          2.212         41.487         28.637 2026-05-28T03:00:39
   15840   2970950     0.476        670.450        158.960          2.210         41.475         34.443 2026-05-28T03:01:13
   15860   2974875     0.475        696.160        166.310          2.218         41.341         35.736 2026-05-28T03:01:49
   15880   2977472     0.475        673.790        159.730          2.220         41.272         22.973 2026-05-28T03:02:12
   15900   2980395     0.475        693.250        164.770          2.219         41.374         25.845 2026-05-28T03:02:38
   15920   2984785     0.474        717.440        177.640          2.231         41.314         38.169 2026-05-28T03:03:16
   15940   2987717     0.474        722.720        167.670          2.183         41.292         26.619 2026-05-28T03:03:42
   15960   2990726     0.473        707.190        158.510          2.148         41.439         26.551 2026-05-28T03:04:09
   15980   2994788     0.473        752.330        173.160          2.111         41.661         36.213 2026-05-28T03:04:45
   16000   2997789     0.473        752.970        173.940          2.096         41.619         26.097 2026-05-28T03:05:11
   16020   3000683     0.472        725.270        158.980          2.094         41.734         26.099 2026-05-28T03:05:37
   16040   3003405     0.472        715.230        156.880          2.119         41.876         25.049 2026-05-28T03:06:02
   16060   3006998     0.472        713.190        162.720          2.126         41.925         32.768 2026-05-28T03:06:35
   16080   3009664     0.471        681.950        148.760          2.089         42.035         23.389 2026-05-28T03:06:58
   16100   3012988     0.471        680.170        151.990          2.089         42.201         29.509 2026-05-28T03:07:28
   16120   3016403     0.470        697.260        157.200          2.070         42.137         30.487 2026-05-28T03:07:58
   16140   3019412     0.470        707.860        160.070          2.053         42.052         26.690 2026-05-28T03:08:25
   16160   3023020     0.470        714.110        160.220          2.041         41.976         31.653 2026-05-28T03:08:57
   16180   3025632     0.469        717.600        159.680          2.039         41.835         22.879 2026-05-28T03:09:20
   16200   3028586     0.469        720.240        155.980          2.012         41.661         26.750 2026-05-28T03:09:46
   16220   3031170     0.469        695.890        147.670          2.007         41.617         22.771 2026-05-28T03:10:09
   16240   3034333     0.468        695.830        149.210          1.966         41.690         28.457 2026-05-28T03:10:38
   16260   3037686     0.468        688.470        146.660          1.945         41.819         29.186 2026-05-28T03:11:07
   16280   3040480     0.468        703.320        148.480          1.917         42.030         25.060 2026-05-28T03:11:32
   16300   3044395     0.467        719.960        158.090          1.913         42.289         38.109 2026-05-28T03:12:10
   16320   3047560     0.467        722.840        163.900          1.859         42.562         28.765 2026-05-28T03:12:39
   16340   3051116     0.466        739.240        167.830          1.866         42.774         31.114 2026-05-28T03:13:10
   16360   3054465     0.466        736.770        167.790          1.883         42.897         29.728 2026-05-28T03:13:40
   16380   3057823     0.466        735.850        173.430          1.918         42.957         30.063 2026-05-28T03:14:10
   16400   3060698     0.465        718.760        163.030          1.906         43.033         25.737 2026-05-28T03:14:35
   16420   3065260     0.465        767.500        177.000          1.956         43.145         39.838 2026-05-28T03:15:15
   16440   3068860     0.464        774.050        177.440          1.968         43.146         32.349 2026-05-28T03:15:48
   16460   3073676     0.464        785.660        192.110          2.006         43.183         42.839 2026-05-28T03:16:30
   16480   3078767     0.463        793.350        209.440          2.034         43.077         43.612 2026-05-28T03:17:14
   16500   3082290     0.463        791.200        215.920          2.100         42.937         32.300 2026-05-28T03:17:46
   16520   3085957     0.462        755.470        206.970          2.121         42.633         32.885 2026-05-28T03:18:19
   16540   3088742     0.462        716.620        198.820          2.139         42.299         25.316 2026-05-28T03:18:45
   16560   3091901     0.462        670.620        182.250          2.136         42.010         27.020 2026-05-28T03:19:12
   16580   3095591     0.461        658.380        168.240          2.121         41.756         32.574 2026-05-28T03:19:44
   16600   3098645     0.461        673.600        163.550          2.070         41.530         26.923 2026-05-28T03:20:11
   16620   3102063     0.460        670.460        161.060          2.048         41.470         30.152 2026-05-28T03:20:41
   16640   3105884     0.460        719.420        171.420          2.046         41.427         32.967 2026-05-28T03:21:14
   16660   3109134     0.460        762.840        172.330          1.980         41.417         29.444 2026-05-28T03:21:44
   16680   3113170     0.459        782.040        175.790          1.966         41.413         35.257 2026-05-28T03:22:19
   16700   3117259     0.459        804.160        186.140          1.960         41.388         35.245 2026-05-28T03:22:54
   16720   3120533     0.458        809.580        184.700          1.955         41.251         28.958 2026-05-28T03:23:23
   16740   3123473     0.458        784.800        175.890          1.940         41.240         26.571 2026-05-28T03:23:50
   16760   3126128     0.458        757.750        169.940          1.957         41.219         23.785 2026-05-28T03:24:13
   16780   3128987     0.457        719.020        158.170          1.942         41.279         26.521 2026-05-28T03:24:40
   16800   3133066     0.457        712.350        158.070          1.971         41.249         35.467 2026-05-28T03:25:15
   16820   3136963     0.456        738.280        164.300          1.972         41.297         38.352 2026-05-28T03:25:54
   16840   3140286     0.456        730.020        168.130          1.989         41.182         34.313 2026-05-28T03:26:28
   16860   3143806     0.456        761.770        176.780          2.016         41.110         36.690 2026-05-28T03:27:05
   16880   3146782     0.455        771.820        177.950          2.051         40.995         27.687 2026-05-28T03:27:33
   16900   3150982     0.455        757.070        179.160          2.053         40.955         37.682 2026-05-28T03:28:10
   16920   3154404     0.454        722.020        174.410          2.086         40.852         30.130 2026-05-28T03:28:40
   16940   3159208     0.454        739.810        189.220          2.095         40.767         43.008 2026-05-28T03:29:23
   16960   3162466     0.454        724.900        186.600          2.115         40.628         29.907 2026-05-28T03:29:53
   16980   3165641     0.453        741.000        188.590          2.119         40.518         28.231 2026-05-28T03:30:21
   17000   3170464     0.453        746.920        194.820          2.121         40.412         43.506 2026-05-28T03:31:05
   17020   3174910     0.452        757.710        205.060          2.105         40.274         39.129 2026-05-28T03:31:44
   17040   3178333     0.452        741.030        191.250          2.100         40.268         29.908 2026-05-28T03:32:14
   17060   3181478     0.451        728.740        190.120          2.118         40.282         27.340 2026-05-28T03:32:41
   17080   3184684     0.451        723.120        190.430          2.132         40.330         28.439 2026-05-28T03:33:10
   17100   3188502     0.451        725.630        180.380          2.135         40.375         33.555 2026-05-28T03:33:43
   17120   3191943     0.450        739.130        170.330          2.151         40.540         30.297 2026-05-28T03:34:14
   17140   3194364     0.450        712.200        160.310          2.151         40.749         20.984 2026-05-28T03:34:35
   17160   3198438     0.450        749.200        169.600          2.118         40.872         35.569 2026-05-28T03:35:10
   17180   3200666     0.449        718.790        159.820          2.108         40.957         20.153 2026-05-28T03:35:30
   17200   3204199     0.449        697.200        156.970          2.098         41.105         32.231 2026-05-28T03:36:03
   17220   3208238     0.448        676.100        162.950          2.076         41.126         37.447 2026-05-28T03:36:40
   17240   3212647     0.448        722.980        182.830          2.077         41.019         38.263 2026-05-28T03:37:18
   17260   3215371     0.448        688.330        169.330          2.071         41.052         24.155 2026-05-28T03:37:42
   17280   3219085     0.447        730.200        184.190          2.058         41.047         32.178 2026-05-28T03:38:15
   17300   3221761     0.447        711.930        175.620          2.073         41.009         23.610 2026-05-28T03:38:38
   17320   3225826     0.446        748.310        175.880          2.077         41.066         35.098 2026-05-28T03:39:13
   17340   3229421     0.446        724.190        167.740          2.067         41.075         31.961 2026-05-28T03:39:45
   17360   3233010     0.446        730.350        176.390          2.067         40.963         31.966 2026-05-28T03:40:17
   17380   3236230     0.445        725.270        171.450          2.056         40.783         28.211 2026-05-28T03:40:45
   17400   3239067     0.445        732.450        173.060          2.032         40.779         24.516 2026-05-28T03:41:10
   17420   3242963     0.445        714.360        171.370          2.016         40.575         35.915 2026-05-28T03:41:46
   17440   3246792     0.444        745.380        173.710          1.988         40.461         34.270 2026-05-28T03:42:20
   17460   3250871     0.444        755.190        178.610          1.968         40.305         36.054 2026-05-28T03:42:56
   17480   3254149     0.443        748.580        179.190          1.938         40.380         29.180 2026-05-28T03:43:25
   17500   3257402     0.443        766.890        183.350          1.890         40.213         29.363 2026-05-28T03:43:55
   17520   3260976     0.443        752.770        180.130          1.871         40.256         31.603 2026-05-28T03:44:26
   17540   3264895     0.442        738.210        181.030          1.869         40.292         34.876 2026-05-28T03:45:01
   17560   3268748     0.442        758.630        178.770          1.839         40.513         34.702 2026-05-28T03:45:36
   17580   3271416     0.441        742.090        172.670          1.859         40.539         23.833 2026-05-28T03:46:00
   17600   3274669     0.441        750.950        172.670          1.867         40.591         29.559 2026-05-28T03:46:29
   17620   3277718     0.441        726.090        167.420          1.851         40.825         26.637 2026-05-28T03:46:56
   17640   3281512     0.440        718.330        166.170          1.856         40.944         33.868 2026-05-28T03:47:30
   17660   3285052     0.440        692.080        163.040          1.840         40.961         32.299 2026-05-28T03:48:02
   17680   3288681     0.439        745.320        172.650          1.811         41.026         33.250 2026-05-28T03:48:35
   17700   3293489     0.439        781.690        188.200          1.819         41.046         42.830 2026-05-28T03:49:18
   17720   3297474     0.439        801.330        197.560          1.804         40.895         35.943 2026-05-28T03:49:54
   17740   3301717     0.438        821.960        202.050          1.810         40.790         37.553 2026-05-28T03:50:32
   17760   3304741     0.438        820.700        196.890          1.835         40.717         26.739 2026-05-28T03:50:58
   17780   3308146     0.437        808.600        194.650          1.845         40.751         30.197 2026-05-28T03:51:29
   17800   3311617     0.437        756.120        181.280          1.830         40.884         31.285 2026-05-28T03:52:00
   17820   3314776     0.437        762.390        173.020          1.853         41.033         27.344 2026-05-28T03:52:27
   17840   3317939     0.436        743.340        162.220          1.845         41.196         27.876 2026-05-28T03:52:55
   17860   3320895     0.436        722.980        161.540          1.858         41.357         26.046 2026-05-28T03:53:21
   17880   3323895     0.436        699.920        157.490          1.891         41.448         27.678 2026-05-28T03:53:49
   17900   3327369     0.435        723.880        157.520          1.913         41.581         32.004 2026-05-28T03:54:21
   17920   3331004     0.435        721.110        162.280          1.944         41.689         32.802 2026-05-28T03:54:54
   17940   3334008     0.435        692.500        160.690          1.973         41.807         26.860 2026-05-28T03:55:21
   17960   3336848     0.434        699.110        159.530          1.995         41.848         25.672 2026-05-28T03:55:46
   17980   3339713     0.434        681.900        158.180          2.010         41.811         25.130 2026-05-28T03:56:11
   18000   3343123     0.434        676.500        157.540          2.038         41.814         30.989 2026-05-28T03:56:42
   18020   3346673     0.433        687.610        156.690          2.047         41.818         30.938 2026-05-28T03:57:13
   18040   3350867     0.433        749.860        168.590          2.056         41.884         37.470 2026-05-28T03:57:51
   18060   3355126     0.432        775.670        182.780          2.078         41.948         37.934 2026-05-28T03:58:29
   18080   3358934     0.432        820.310        192.210          2.082         42.004         34.019 2026-05-28T03:59:03
   18100   3360903     0.432        771.200        177.800          2.102         42.057         18.063 2026-05-28T03:59:21
   18120   3364525     0.431        783.710        178.520          2.116         42.022         34.128 2026-05-28T03:59:55
   18140   3367728     0.431        766.870        168.610          2.107         42.078         29.453 2026-05-28T04:00:24
   18160   3371074     0.431        775.220        159.480          2.089         42.289         30.114 2026-05-28T04:00:54
   18180   3374903     0.430        770.970        159.690          2.085         42.430         37.715 2026-05-28T04:01:32
   18200   3377632     0.430        785.300        167.290          2.041         42.530         26.299 2026-05-28T04:01:58
   18220   3380395     0.430        761.480        158.700          2.022         42.722         24.201 2026-05-28T04:02:23
   18240   3384694     0.429        776.310        169.660          1.996         42.856         38.230 2026-05-28T04:03:01
   18260   3387958     0.429        747.560        168.840          1.973         42.800         28.802 2026-05-28T04:03:30
   18280   3392404     0.428        752.030        175.010          1.960         42.837         39.258 2026-05-28T04:04:09
   18300   3396369     0.428        813.040        187.370          1.968         42.887         35.729 2026-05-28T04:04:45
   18320   3400742     0.427        851.760        203.470          1.957         42.887         38.299 2026-05-28T04:05:23
   18340   3403369     0.427        795.380        186.750          1.983         42.776         24.471 2026-05-28T04:05:47
   18360   3406749     0.427        815.630        187.910          1.995         42.763         30.816 2026-05-28T04:06:18
   18380   3410074     0.426        800.490        176.700          1.980         42.813         30.006 2026-05-28T04:06:48
   18400   3413328     0.426        768.650        169.590          1.996         42.760         28.718 2026-05-28T04:07:17
   18420   3416318     0.426        713.800        155.760          2.004         42.830         27.271 2026-05-28T04:07:44
   18440   3419509     0.425        709.600        161.400          1.995         42.854         28.309 2026-05-28T04:08:13
   18460   3423166     0.425        729.330        164.170          2.018         42.861         33.105 2026-05-28T04:08:46
   18480   3427528     0.424        756.530        174.540          2.045         42.770         38.474 2026-05-28T04:09:24
   18500   3432029     0.424        766.000        187.010          2.061         42.722         40.487 2026-05-28T04:10:05
   18520   3435157     0.424        793.280        188.390          2.081         42.514         27.438 2026-05-28T04:10:32
   18540   3439943     0.423        838.240        204.340          2.106         42.463         41.785 2026-05-28T04:11:14
   18560   3444847     0.423        854.810        216.810          2.095         42.345         44.875 2026-05-28T04:11:59
   18580   3450556     0.422        850.370        230.280          2.104         42.189         52.087 2026-05-28T04:12:51
   18600   3453496     0.422        827.890        214.670          2.108         42.022         26.002 2026-05-28T04:13:17
   18620   3456734     0.421        832.760        215.770          2.101         41.981         29.691 2026-05-28T04:13:47
   18640   3460318     0.421        825.080        203.750          2.105         41.870         32.675 2026-05-28T04:14:19
   18660   3464174     0.421        795.790        193.270          2.128         41.779         34.858 2026-05-28T04:14:54
   18680   3468441     0.420        774.280        178.850          2.118         41.615         40.115 2026-05-28T04:15:34
   18700   3471746     0.420        800.690        182.500          2.103         41.516         33.181 2026-05-28T04:16:07
   18720   3475975     0.419        825.300        192.410          2.129         41.295         37.327 2026-05-28T04:16:45
   18740   3481126     0.419        870.070        208.080          2.142         41.105         48.784 2026-05-28T04:17:33
   18760   3485003     0.418        888.660        208.290          2.130         40.941         35.449 2026-05-28T04:18:09
   18780   3488988     0.418        915.040        205.470          2.132         40.938         36.528 2026-05-28T04:18:45
   18800   3492124     0.418        895.450        203.780          2.124         40.970         28.316 2026-05-28T04:19:14
   18820   3495882     0.417        858.090        199.070          2.077         41.083         34.578 2026-05-28T04:19:48
   18840   3499504     0.417        807.280        183.780          2.026         41.094         32.469 2026-05-28T04:20:21
   18860   3504211     0.416        780.850        192.080          2.018         41.028         42.189 2026-05-28T04:21:03
   18880   3508488     0.416        761.010        195.000          2.009         40.902         38.567 2026-05-28T04:21:42
   18900   3511397     0.416        759.930        192.730          2.004         40.668         25.779 2026-05-28T04:22:07
   18920   3514080     0.415        742.760        181.980          2.044         40.449         24.316 2026-05-28T04:22:32
   18940   3518235     0.415        770.720        187.310          2.043         40.357         36.256 2026-05-28T04:23:08
   18960   3522884     0.414        772.630        186.730          2.048         40.369         42.711 2026-05-28T04:23:51
   18980   3526379     0.414        752.190        178.910          2.034         40.401         32.717 2026-05-28T04:24:23
   19000   3530233     0.414        773.370        188.360          2.045         40.476         35.520 2026-05-28T04:24:59
   19020   3534034     0.413        816.130        199.540          2.022         40.509         35.159 2026-05-28T04:25:34
   19040   3538137     0.413        803.130        199.020          2.033         40.524         36.551 2026-05-28T04:26:11
   19060   3541329     0.413        786.950        184.450          2.033         40.484         28.185 2026-05-28T04:26:39
   19080   3544682     0.412        804.450        183.030          2.072         40.583         29.692 2026-05-28T04:27:08
   19100   3548349     0.412        797.720        181.160          2.073         40.798         32.966 2026-05-28T04:27:41
   19120   3551240     0.412        773.940        172.060          2.099         41.134         25.832 2026-05-28T04:28:07
   19140   3554705     0.411        776.870        165.680          2.114         41.409         30.421 2026-05-28T04:28:38
   19160   3558449     0.411        801.950        171.200          2.144         41.709         33.294 2026-05-28T04:29:11
   19180   3562045     0.410        800.140        173.630          2.135         42.027         33.722 2026-05-28T04:29:45
   19200   3566486     0.410        789.400        181.370          2.133         42.116         40.699 2026-05-28T04:30:25
   19220   3569573     0.410        776.850        183.330          2.128         42.095         28.048 2026-05-28T04:30:53
   19240   3573783     0.409        778.350        190.780          2.159         42.062         37.304 2026-05-28T04:31:31
   19260   3577504     0.409        774.090        190.550          2.135         42.018         33.446 2026-05-28T04:32:04
   19280   3582102     0.408        841.520        200.570          2.133         41.992         40.815 2026-05-28T04:32:45
   19300   3585511     0.408        856.140        190.250          2.150         42.010         29.402 2026-05-28T04:33:14
   19320   3588918     0.408        868.930        193.450          2.157         41.956         30.953 2026-05-28T04:33:45
   19340   3592240     0.407        837.260        184.570          2.134         42.009         29.208 2026-05-28T04:34:15
   19360   3596314     0.407        820.680        188.100          2.118         41.979         36.271 2026-05-28T04:34:51
   19380   3600991     0.406        772.400        188.890          2.125         41.867         41.760 2026-05-28T04:35:33
   19400   3605188     0.406        788.400        196.770          2.109         41.832         38.441 2026-05-28T04:36:11
   19420   3609097     0.406        785.780        201.790          2.085         41.839         38.210 2026-05-28T04:36:49
   19440   3612638     0.405        801.880        203.980          2.056         41.806         36.744 2026-05-28T04:37:26
   19460   3616664     0.405        833.740        203.500          2.041         41.832         36.955 2026-05-28T04:38:03
   19480   3621837     0.404        803.970        208.460          1.993         41.791         45.067 2026-05-28T04:38:48
   19500   3625836     0.404        771.970        206.480          1.973         41.701         35.550 2026-05-28T04:39:24
   19520   3629700     0.404        800.040        206.030          1.946         41.619         34.520 2026-05-28T04:39:58
   19540   3634380     0.403        823.040        217.420          1.935         41.482         41.328 2026-05-28T04:40:39
   19560   3638470     0.403        796.690        218.060          1.912         41.395         35.478 2026-05-28T04:41:15
   19580   3642091     0.402        805.140        202.540          1.920         41.354         33.387 2026-05-28T04:41:48
   19600   3646104     0.402        836.940        202.680          1.916         41.261         36.794 2026-05-28T04:42:25
   19620   3649869     0.402        827.520        201.690          1.909         41.171         34.168 2026-05-28T04:42:59
   19640   3653093     0.401        792.320        187.130          1.920         41.105         28.818 2026-05-28T04:43:28
   19660   3656662     0.401        783.850        181.920          1.916         40.959         31.753 2026-05-28T04:44:00
   19680   3660720     0.400        776.150        186.290          1.911         40.717         36.947 2026-05-28T04:44:37
   19700   3664493     0.400        769.300        183.890          1.906         40.624         33.354 2026-05-28T04:45:10
   19720   3668196     0.400        757.270        183.270          1.917         40.468         33.857 2026-05-28T04:45:44
   19740   3671486     0.399        762.380        183.930          1.918         40.295         29.465 2026-05-28T04:46:13
   19760   3675114     0.399        792.000        184.520          1.932         40.272         32.591 2026-05-28T04:46:46
   19780   3680322     0.398        811.950        196.020          1.914         40.346         47.118 2026-05-28T04:47:33
   19800   3683201     0.398        789.930        187.080          1.933         40.269         26.638 2026-05-28T04:48:00
   19820   3686313     0.398        780.070        181.170          1.931         40.362         29.006 2026-05-28T04:48:29
   19840   3689370     0.398        778.210        178.840          1.915         40.424         27.397 2026-05-28T04:48:56
   19860   3692946     0.397        779.910        178.320          1.909         40.413         31.347 2026-05-28T04:49:28
   19880   3697000     0.397        758.840        166.780          1.915         40.404         36.026 2026-05-28T04:50:04
   19900   3700329     0.396        759.440        171.280          1.900         40.459         30.065 2026-05-28T04:50:34
   19920   3704022     0.396        796.150        177.090          1.917         40.444         32.396 2026-05-28T04:51:06
   19940   3708569     0.396        836.080        191.990          1.921         40.548         40.751 2026-05-28T04:51:47
   19960   3712108     0.395        819.100        191.620          1.945         40.664         31.147 2026-05-28T04:52:18
   19980   3715258     0.395        822.710        182.580          1.976         40.763         27.697 2026-05-28T04:52:46
   19999   3718110     0.395        811.580        179.160          1.977         40.857         24.458 2026-05-28T04:53:10
